id_employee,date,points
385,2025-04-02,9.0
19175,2025-04-01,3.0
19175,2025-04-04,3.0
19175,2025-04-05,3.0
19175,2025-04-08,3.0
19175,2025-04-09,4.347222222222222
19175,2025-04-12,3.0
19175,2025-04-13,3.0
19175,2025-04-16,9.0
19175,2025-04-17,9.0
19175,2025-04-20,3.0
19175,2025-04-21,3.0
19175,2025-04-24,9.0
19175,2025-04-25,9.0
19175,2025-04-28,3.0
19175,2025-04-29,3.0
19399,2025-04-10,3.0
19399,2025-04-11,3.0
19399,2025-04-14,3.0
19399,2025-04-15,3.0
19399,2025-04-18,3.0
19399,2025-04-19,3.0
19399,2025-04-30,3.0
19559,2025-04-01,3.0
19559,2025-04-04,3.0
19559,2025-04-05,3.0
19559,2025-04-08,3.8421052631578947
19559,2025-04-09,3.0
19559,2025-04-12,2.164285714285714
19559,2025-04-13,3.0
19559,2025-04-17,3.0
19559,2025-04-20,3.0
19559,2025-04-21,3.0
19559,2025-04-24,3.0
19559,2025-04-25,3.0
19559,2025-04-28,3.0
19559,2025-04-29,4.88655462184874
19663,2025-04-01,54.0
19663,2025-04-02,44.93842833023445
19663,2025-04-03,3.0
19663,2025-04-04,54.0
19663,2025-04-07,52.648221343873516
19663,2025-04-08,1.0
19663,2025-04-09,27.0
19663,2025-04-10,56.88860143727995
19663,2025-04-11,54.0
19663,2025-04-14,55.71079049542426
19663,2025-04-15,55.54399833576035
19663,2025-04-16,54.0
19663,2025-04-17,54.0
19663,2025-04-18,54.0
19663,2025-04-21,9.0
19663,2025-04-22,54.0
19663,2025-04-23,54.94995314723551
19663,2025-04-24,54.0
19663,2025-04-25,54.0
19663,2025-04-28,10.99621689785624
19663,2025-04-29,54.0
19663,2025-04-30,57.65721509842875
19738,2025-04-01,56.444821731748725
19738,2025-04-02,8.611382755793118
19738,2025-04-03,54.0
19738,2025-04-04,9.0
19738,2025-04-07,54.0
19738,2025-04-08,40.930246938849706
19738,2025-04-09,23.84149785889999
19738,2025-04-14,54.0
19738,2025-04-15,3.0
19738,2025-04-16,54.12148085158077
19738,2025-04-17,54.0
19738,2025-04-18,54.0
19738,2025-04-21,9.0
19738,2025-04-22,53.82813227759665
19738,2025-04-23,54.0
19738,2025-04-24,54.0
19738,2025-04-25,2.966600173904148
19738,2025-04-28,27.0
19738,2025-04-29,27.0
19738,2025-04-30,27.0
19741,2025-04-01,3.0
19741,2025-04-02,3.0
19741,2025-04-03,3.673469387755102
19741,2025-04-04,3.0
19741,2025-04-07,3.0
19741,2025-04-09,3.0
19741,2025-04-10,4.144528779253637
19741,2025-04-11,16.473684210526315
19741,2025-04-14,3.0
19741,2025-04-15,3.0
19741,2025-04-16,3.0
19741,2025-04-17,3.0
19741,2025-04-18,3.0
19741,2025-04-28,3.0
19741,2025-04-29,3.0
19741,2025-04-30,3.0
19746,2025-04-02,3.0
19746,2025-04-03,3.0
19746,2025-04-04,3.0
19746,2025-04-05,3.0
19746,2025-04-07,3.0
19746,2025-04-08,3.0
19746,2025-04-09,4.578947368421053
19746,2025-04-10,3.0
19746,2025-04-11,3.0
19746,2025-04-14,3.0
19746,2025-04-15,3.0
19746,2025-04-16,54.0
19746,2025-04-17,3.0
19746,2025-04-18,6.0
19746,2025-04-21,3.0
19746,2025-04-22,3.0
19746,2025-04-23,3.0
19746,2025-04-24,3.0
19746,2025-04-25,27.0
19746,2025-04-28,3.0
19746,2025-04-29,3.8421052631578947
19746,2025-04-30,37.68449197860962
19825,2025-04-02,54.0
19825,2025-04-03,54.0
19825,2025-04-06,54.0
19825,2025-04-07,54.0
19825,2025-04-10,54.0
19825,2025-04-11,54.0
19825,2025-04-14,54.0
19825,2025-04-15,54.0
19825,2025-04-18,54.0
19825,2025-04-19,3.7131289762868707
19825,2025-04-22,3.0
19825,2025-04-23,4.804511278195489
19825,2025-04-26,54.0
19825,2025-04-27,54.0
19825,2025-04-30,54.0
19893,2025-04-02,54.0
19893,2025-04-03,54.0
19893,2025-04-06,54.0
19893,2025-04-07,54.0
19893,2025-04-10,54.0
19893,2025-04-11,54.0
19893,2025-04-30,54.0
19910,2025-04-02,27.5
19910,2025-04-03,54.0
19910,2025-04-06,54.0
19910,2025-04-07,54.0
19910,2025-04-10,54.0
19910,2025-04-11,3.0
19910,2025-04-14,54.0
19910,2025-04-15,54.0
19910,2025-04-18,3.0
19910,2025-04-19,3.0
19910,2025-04-22,3.0
19910,2025-04-23,3.0
19910,2025-04-26,54.0
19910,2025-04-27,31.5
19910,2025-04-30,54.0
19912,2025-04-01,3.0
19912,2025-04-02,3.4693877551020407
19912,2025-04-03,3.8752941176470586
19912,2025-04-06,3.83343653250774
19912,2025-04-10,16.894736842105264
19912,2025-04-11,54.0
19912,2025-04-14,3.8319327731092434
19912,2025-04-15,27.0
19912,2025-04-18,27.0
19912,2025-04-19,27.0
19912,2025-04-22,3.0
19912,2025-04-23,27.0
19912,2025-04-26,4.167468671477354
19912,2025-04-27,21.0
19912,2025-04-30,4.840336134453781
19931,2025-04-02,3.0
19931,2025-04-03,54.0
19931,2025-04-06,54.0
19931,2025-04-07,54.0
19931,2025-04-10,54.0
19931,2025-04-11,54.0
19931,2025-04-14,54.0
19931,2025-04-15,54.0
19931,2025-04-18,54.0
19931,2025-04-19,3.504916136495084
19931,2025-04-22,3.0
19931,2025-04-23,9.0
19931,2025-04-26,27.0
19931,2025-04-27,27.0
19931,2025-04-30,27.0
19934,2025-04-02,27.0
19934,2025-04-03,27.0
19934,2025-04-06,27.0
19934,2025-04-07,27.0
19934,2025-04-10,27.0
19934,2025-04-11,53.29166666666667
19934,2025-04-14,27.0
19934,2025-04-15,27.0
19934,2025-04-18,27.0
19934,2025-04-19,23.400000000000002
19934,2025-04-22,27.0
19934,2025-04-23,27.0
19934,2025-04-26,27.0
19934,2025-04-27,27.0
19934,2025-04-30,27.0
19937,2025-04-02,3.0
19937,2025-04-03,1.0
19937,2025-04-06,1.0
19937,2025-04-07,2.3622616180360856
19937,2025-04-10,1.0
19937,2025-04-11,1.0
19937,2025-04-22,9.0
19937,2025-04-23,1.0
19937,2025-04-26,27.0
19937,2025-04-27,27.0
19937,2025-04-30,3.0
19940,2025-04-01,3.0
19940,2025-04-04,1.0
19940,2025-04-05,3.7275541795665634
19940,2025-04-08,27.0
19940,2025-04-09,1.0
19940,2025-04-12,3.0
19940,2025-04-13,3.0
19940,2025-04-16,1.0
19940,2025-04-17,54.0
19940,2025-04-20,1.0
19940,2025-04-21,3.0
19940,2025-04-24,38.71859806219175
19940,2025-04-25,38.974307736226095
19940,2025-04-28,1.0
19940,2025-04-29,27.0
19945,2025-04-02,3.0
19945,2025-04-03,3.0
19945,2025-04-06,3.0
19945,2025-04-07,3.0
19945,2025-04-10,3.0
19945,2025-04-11,3.0
19945,2025-04-14,3.0
19945,2025-04-15,3.0
19945,2025-04-18,3.0
19945,2025-04-19,3.0
19945,2025-04-22,3.0
19945,2025-04-23,3.0
19945,2025-04-26,3.0
19945,2025-04-27,3.0
19945,2025-04-30,3.0
19956,2025-04-02,27.0
19956,2025-04-03,27.0
19956,2025-04-04,27.0
19956,2025-04-07,27.0
19956,2025-04-08,27.0
19958,2025-04-01,54.0
19958,2025-04-04,54.0
19958,2025-04-05,54.0
19958,2025-04-08,54.0
19958,2025-04-09,54.0
19958,2025-04-16,54.0
19958,2025-04-17,54.0
19958,2025-04-20,54.0
19958,2025-04-21,54.0
19958,2025-04-28,54.0
19958,2025-04-29,54.0
20145,2025-04-01,56.925772078743
20145,2025-04-02,9.0
20145,2025-04-03,54.0
20145,2025-04-04,9.0
20145,2025-04-07,54.0
20145,2025-04-08,27.0
20145,2025-04-09,1.0
20145,2025-04-10,54.0
20145,2025-04-11,54.0
20145,2025-04-14,54.0
20145,2025-04-15,54.0
20145,2025-04-16,16.8816309548575
20145,2025-04-17,54.0
20145,2025-04-18,54.0
20145,2025-04-28,9.0
20145,2025-04-29,54.51285492597408
20145,2025-04-30,54.0
20192,2025-04-07,1.0
20192,2025-04-08,54.0
20192,2025-04-09,14.666666666666666
20192,2025-04-10,56.88860143727995
20192,2025-04-11,54.0
20192,2025-04-14,10.184446039540731
20192,2025-04-15,54.0
20192,2025-04-16,54.0
20192,2025-04-17,54.0
20192,2025-04-18,54.0
20192,2025-04-28,5.03817517527402
20192,2025-04-29,55.761538232934114
20192,2025-04-30,37.79122268376378
20518,2025-04-04,54.0
20518,2025-04-05,3.0588235294117645
20518,2025-04-08,9.0
20518,2025-04-09,3.846020761245674
20518,2025-04-12,54.0
20518,2025-04-13,3.2706766917293235
20518,2025-04-16,9.0
20518,2025-04-17,9.0
20518,2025-04-20,9.0
20518,2025-04-21,102.2578125
20518,2025-04-24,27.0
20518,2025-04-25,27.0
20518,2025-04-28,27.0
20518,2025-04-29,27.0
20529,2025-04-02,3.0
20529,2025-04-03,4.023529411764706
20529,2025-04-06,3.0
20529,2025-04-07,3.0
20529,2025-04-10,3.0
20529,2025-04-11,3.0
20529,2025-04-14,3.0
20529,2025-04-15,3.0
20529,2025-04-18,3.0
20529,2025-04-19,3.0
20529,2025-04-22,3.0
20529,2025-04-23,8.1225
20529,2025-04-26,3.8308270676691727
20529,2025-04-27,3.0
20529,2025-04-30,3.0
20531,2025-04-01,3.0
20531,2025-04-04,27.0
20570,2025-04-02,3.0
20570,2025-04-03,3.275510204081633
20570,2025-04-06,3.0
20570,2025-04-07,3.0
20570,2025-04-10,3.0
20570,2025-04-11,3.0
20570,2025-04-30,27.0
20816,2025-04-01,27.0
20816,2025-04-04,27.0
20816,2025-04-05,32.464019851116625
20816,2025-04-08,27.0
20816,2025-04-09,29.67032967032967
20816,2025-04-12,27.0
20816,2025-04-13,27.0
20816,2025-04-16,27.0
20816,2025-04-17,27.0
20816,2025-04-20,27.0
20816,2025-04-21,27.0
20816,2025-04-24,28.85283400809717
20816,2025-04-25,27.0
20816,2025-04-28,1.0
20816,2025-04-29,30.346153846153847
20816,2025-04-30,27.0
21054,2025-04-01,27.0
21054,2025-04-08,27.0
21054,2025-04-09,27.0
21054,2025-04-16,27.0
21054,2025-04-17,27.0
21054,2025-04-20,27.0
21054,2025-04-21,27.0
21054,2025-04-22,27.0
21054,2025-04-23,27.0
21054,2025-04-24,27.0
21054,2025-04-25,27.0
21054,2025-04-26,27.0
21054,2025-04-27,27.0
21054,2025-04-28,27.0
21054,2025-04-29,27.0
21075,2025-04-01,3.0
21075,2025-04-04,3.727472064094455
21075,2025-04-05,3.5170278637770895
21075,2025-04-08,27.0
21075,2025-04-09,3.0
21075,2025-04-12,4.052631578947368
21075,2025-04-13,3.0
21075,2025-04-16,9.0
21075,2025-04-17,9.0
21075,2025-04-20,3.617698091382302
21075,2025-04-21,3.7019018133569217
21075,2025-04-24,9.0
21075,2025-04-25,9.0
21075,2025-04-28,3.639705882352941
21075,2025-04-29,5.0
21077,2025-04-01,3.0
21077,2025-04-04,54.0
21077,2025-04-05,54.0
21077,2025-04-08,31.5
21077,2025-04-09,9.0
21077,2025-04-12,9.0
21077,2025-04-13,9.0
21077,2025-04-16,9.0
21077,2025-04-17,9.0
21077,2025-04-20,4.2180451127819545
21077,2025-04-21,3.0
21077,2025-04-24,9.0
21077,2025-04-25,5.0
21077,2025-04-28,5.0
21463,2025-04-01,54.0
21463,2025-04-04,54.0
21463,2025-04-05,54.0
21463,2025-04-08,3.0
21463,2025-04-09,9.0
21463,2025-04-12,54.0
21463,2025-04-13,2.9785714285714286
21463,2025-04-16,54.0
21463,2025-04-17,54.0
21463,2025-04-20,3.0
21463,2025-04-21,3.0
21463,2025-04-24,9.0
21463,2025-04-25,9.0
21472,2025-04-04,1.0
21472,2025-04-05,27.0
21472,2025-04-08,27.0
21472,2025-04-09,27.0
21472,2025-04-12,27.0
21472,2025-04-13,27.0
21472,2025-04-16,27.0
21472,2025-04-17,27.0
21472,2025-04-21,27.0
21472,2025-04-28,27.0
21472,2025-04-29,9.0
21499,2025-04-01,27.0
21499,2025-04-09,27.0
21499,2025-04-10,27.0
21499,2025-04-11,27.0
21499,2025-04-13,27.0
21499,2025-04-14,27.0
21499,2025-04-15,27.0
21499,2025-04-16,27.0
21499,2025-04-17,27.0
21499,2025-04-18,27.0
21499,2025-04-20,27.0
21499,2025-04-21,27.0
21499,2025-04-22,27.0
21499,2025-04-23,27.0
21499,2025-04-24,27.0
21499,2025-04-25,27.0
21499,2025-04-27,27.0
21499,2025-04-28,27.0
21499,2025-04-29,27.0
21499,2025-04-30,27.0
21531,2025-04-02,1.6363636363636362
21531,2025-04-03,1.0
21531,2025-04-06,2.925
21531,2025-04-22,3.0
21531,2025-04-23,3.0
21531,2025-04-26,27.0
21531,2025-04-27,27.0
21536,2025-04-05,54.0
21536,2025-04-08,3.0
21536,2025-04-09,9.0
21536,2025-04-12,9.0
21536,2025-04-13,9.0
21536,2025-04-16,9.0
21536,2025-04-17,9.0
21536,2025-04-20,3.0
21536,2025-04-21,3.0
21536,2025-04-24,9.0
21536,2025-04-25,9.0
21557,2025-04-02,3.0
21557,2025-04-03,3.0
21557,2025-04-06,3.0
21557,2025-04-07,3.0
21557,2025-04-10,3.0
21557,2025-04-11,19.36842105263158
21557,2025-04-14,9.0
21557,2025-04-15,9.0
21557,2025-04-18,9.0
21557,2025-04-19,3.0
21557,2025-04-22,3.0
21557,2025-04-23,9.0
21557,2025-04-26,9.0
21557,2025-04-27,3.0
21557,2025-04-30,3.0
21568,2025-04-01,53.66666666666667
21568,2025-04-04,19.0
21568,2025-04-05,27.0
21568,2025-04-08,27.0
21568,2025-04-09,27.0
21568,2025-04-12,27.0
21568,2025-04-13,27.0
21568,2025-04-16,27.0
21568,2025-04-17,27.0
21568,2025-04-20,27.0
21568,2025-04-21,27.0
21568,2025-04-24,27.0
21568,2025-04-25,27.0
21568,2025-04-28,27.0
21568,2025-04-29,27.0
21581,2025-04-07,3.0
21581,2025-04-08,3.036053130929792
21581,2025-04-09,3.0
21581,2025-04-10,11.280701754385966
21581,2025-04-11,12.263157894736842
21581,2025-04-15,3.0
21581,2025-04-16,3.0
21581,2025-04-17,3.0
21581,2025-04-18,3.0
21581,2025-04-21,3.0
21581,2025-04-22,3.0
21581,2025-04-23,3.0
21581,2025-04-24,3.0
21581,2025-04-25,3.0
21581,2025-04-28,3.0
21581,2025-04-29,14.910394265232974
21581,2025-04-30,4.880952380952381
21583,2025-04-02,54.0
21583,2025-04-03,54.0
21583,2025-04-06,27.0
21583,2025-04-07,27.0
21583,2025-04-10,27.0
21583,2025-04-11,27.0
21583,2025-04-14,27.0
21583,2025-04-15,27.0
21583,2025-04-18,9.0
21583,2025-04-19,28.421052631578952
21583,2025-04-22,27.0
21583,2025-04-23,27.0
21583,2025-04-26,27.0
21583,2025-04-27,27.0
21583,2025-04-30,9.0
21687,2025-04-02,27.0
21687,2025-04-03,27.0
21687,2025-04-06,27.0
21687,2025-04-07,28.42105263157895
21687,2025-04-18,27.0
21687,2025-04-19,27.0
21687,2025-04-26,27.0
21687,2025-04-27,27.0
21796,2025-04-01,9.0
21796,2025-04-04,4.4156967599874175
21796,2025-04-05,4.477399380804954
21796,2025-04-08,3.0360531309297913
21796,2025-04-09,3.6339009287925697
21796,2025-04-12,3.0
21796,2025-04-13,4.578947368421053
21796,2025-04-16,9.0
21796,2025-04-17,9.0
21796,2025-04-20,3.0
21796,2025-04-21,3.5207872622733305
21796,2025-04-24,54.0
21796,2025-04-25,54.0
21796,2025-04-28,54.0
21796,2025-04-29,54.0
21810,2025-04-02,9.0
21810,2025-04-03,54.0
21810,2025-04-06,27.0
21810,2025-04-07,27.0
21810,2025-04-10,27.0
21810,2025-04-11,27.0
21810,2025-04-14,27.0
21810,2025-04-15,27.0
21810,2025-04-18,27.0
21810,2025-04-19,27.0
21810,2025-04-22,27.0
21810,2025-04-23,9.0
21810,2025-04-26,27.0
21810,2025-04-27,27.0
21810,2025-04-30,9.0
21822,2025-04-01,9.0
21822,2025-04-04,54.0
21822,2025-04-05,20.25
21822,2025-04-08,54.0
21822,2025-04-09,54.0
21822,2025-04-12,2.8714285714285714
21822,2025-04-13,3.3439153439153437
21822,2025-04-16,54.0
21822,2025-04-20,1.0
21822,2025-04-21,54.0
21822,2025-04-24,40.828583315997506
21822,2025-04-25,44.231985039201064
21822,2025-04-28,54.0
21822,2025-04-29,54.0
21824,2025-04-01,54.0
21824,2025-04-02,27.0
21824,2025-04-03,54.0
21824,2025-04-04,9.0
21824,2025-04-07,52.648221343873516
21824,2025-04-08,27.0
21824,2025-04-09,27.0
21824,2025-04-10,51.08770777437037
21824,2025-04-11,54.0
21824,2025-04-28,57.513282860599226
21824,2025-04-29,32.345678544949756
21824,2025-04-30,54.0
21828,2025-04-02,54.0
21828,2025-04-03,54.0
21828,2025-04-06,54.0
21828,2025-04-07,54.0
21828,2025-04-10,54.0
21828,2025-04-11,54.0
21828,2025-04-14,54.0
21828,2025-04-15,54.0
21828,2025-04-18,54.0
21828,2025-04-19,54.0
21828,2025-04-22,54.0
21844,2025-04-02,54.0
21844,2025-04-03,54.0
21844,2025-04-04,4.123839009287925
21844,2025-04-06,27.0
21844,2025-04-07,27.0
21844,2025-04-10,27.0
21844,2025-04-11,27.0
21844,2025-04-12,27.0
21844,2025-04-14,27.0
21844,2025-04-15,27.0
21844,2025-04-16,27.0
21844,2025-04-18,27.0
21844,2025-04-19,27.0
21844,2025-04-23,27.0
21844,2025-04-26,27.0
21865,2025-04-01,65.11411271541687
21865,2025-04-02,27.0
21865,2025-04-03,54.0
21865,2025-04-04,9.0
21865,2025-04-07,54.0
21865,2025-04-08,56.89001264222504
21865,2025-04-09,8.076338567133357
21865,2025-04-10,7.107751490671283
21865,2025-04-11,54.0
21865,2025-04-14,55.71079049542426
21865,2025-04-15,54.0
21865,2025-04-16,54.0
21865,2025-04-23,54.0
21865,2025-04-24,54.0
21865,2025-04-25,54.0
21865,2025-04-28,9.371383430433495
21865,2025-04-29,54.0
21865,2025-04-30,54.0
21911,2025-04-01,60.50870682272338
21911,2025-04-02,54.0
21911,2025-04-03,3.0
21911,2025-04-04,9.0
21911,2025-04-07,48.38499092853285
21911,2025-04-08,27.0
21911,2025-04-09,1.0
21911,2025-04-10,62.67530708966051
21911,2025-04-11,54.0
21911,2025-04-14,57.53982300884956
21911,2025-04-15,47.20382124767583
21911,2025-04-16,54.0
21911,2025-04-17,54.0
21911,2025-04-18,54.0
21911,2025-04-21,3.0
21911,2025-04-22,54.0
21911,2025-04-23,54.0
21911,2025-04-24,54.0
21911,2025-04-25,54.0
21911,2025-04-28,9.0
21911,2025-04-29,52.013725844320035
21911,2025-04-30,54.0
21915,2025-04-01,106.88327205882354
21915,2025-04-04,27.0
21915,2025-04-05,27.0
21915,2025-04-08,27.0
21915,2025-04-09,180.39560439560438
21915,2025-04-12,27.0
21915,2025-04-13,27.0
21915,2025-04-16,27.0
21915,2025-04-17,70.78991596638656
21915,2025-04-20,27.0
21915,2025-04-21,27.0
21915,2025-04-24,36.0
21915,2025-04-25,27.218164188752425
21915,2025-04-28,27.0
21916,2025-04-01,9.0
21916,2025-04-04,1.0
21916,2025-04-05,20.25
21916,2025-04-08,31.5
21916,2025-04-09,1.0
21916,2025-04-12,27.0
21916,2025-04-13,2.742857142857143
21916,2025-04-16,1.0
21916,2025-04-17,3.0
21916,2025-04-20,1.0
21916,2025-04-21,1.0
21916,2025-04-24,39.60053550937141
21916,2025-04-25,44.91918184085807
21916,2025-04-28,3.0
21916,2025-04-29,27.0
21974,2025-04-01,54.0
21974,2025-04-04,54.0
21974,2025-04-05,54.0
21974,2025-04-08,3.0
21974,2025-04-09,9.0
21974,2025-04-12,54.0
21974,2025-04-13,54.0
21974,2025-04-16,54.0
21974,2025-04-17,3.0
21974,2025-04-20,3.0
21974,2025-04-21,3.0
21974,2025-04-24,54.0
21974,2025-04-25,54.0
21974,2025-04-28,54.0
21974,2025-04-29,54.0
21980,2025-04-01,54.0
21980,2025-04-02,9.0
21980,2025-04-03,54.0
21980,2025-04-07,27.0
21980,2025-04-10,27.0
21980,2025-04-11,27.0
21980,2025-04-14,27.0
21980,2025-04-15,27.0
21980,2025-04-18,27.0
21980,2025-04-19,27.0
21980,2025-04-22,27.0
21980,2025-04-23,27.0
21980,2025-04-26,9.0
21980,2025-04-27,27.0
21980,2025-04-30,9.0
22001,2025-04-01,54.0
22001,2025-04-04,27.0
22001,2025-04-05,27.0
22001,2025-04-08,27.0
22001,2025-04-09,27.0
22001,2025-04-12,27.0
22001,2025-04-13,27.0
22001,2025-04-16,27.0
22001,2025-04-17,27.0
22001,2025-04-20,27.0
22001,2025-04-21,27.0
22001,2025-04-24,9.0
22001,2025-04-25,9.0
22001,2025-04-28,27.0
22001,2025-04-29,9.0
22004,2025-04-26,27.0
22004,2025-04-27,27.0
22004,2025-04-30,27.0
22008,2025-04-01,3.0
22008,2025-04-04,27.0
22008,2025-04-05,27.0
22008,2025-04-08,27.0
22008,2025-04-09,27.0
22008,2025-04-12,27.0
22008,2025-04-13,27.0
22008,2025-04-16,27.0
22008,2025-04-17,27.0
22008,2025-04-20,27.0
22008,2025-04-21,27.0
22008,2025-04-24,27.0
22008,2025-04-25,27.0
22008,2025-04-28,27.0
22008,2025-04-29,9.0
22010,2025-04-01,54.0
22010,2025-04-04,27.0
22010,2025-04-05,27.0
22010,2025-04-08,27.0
22010,2025-04-09,27.0
22010,2025-04-12,27.0
22010,2025-04-13,27.0
22010,2025-04-16,27.0
22010,2025-04-17,27.0
22010,2025-04-20,27.0
22010,2025-04-21,27.0
22010,2025-04-24,27.0
22010,2025-04-25,27.0
22010,2025-04-28,27.0
22010,2025-04-29,9.0
22039,2025-04-01,3.0
22039,2025-04-04,27.0
22039,2025-04-05,27.0
22039,2025-04-08,27.0
22039,2025-04-09,27.0
22039,2025-04-12,27.0
22039,2025-04-13,27.0
22039,2025-04-16,27.0
22039,2025-04-17,27.0
22039,2025-04-20,27.0
22039,2025-04-21,27.0
22039,2025-04-28,27.0
22039,2025-04-29,9.0
22040,2025-04-02,27.0
22040,2025-04-03,5.851851851851852
22040,2025-04-06,27.0
22040,2025-04-07,27.0
22040,2025-04-10,27.0
22040,2025-04-11,27.676804812834224
22040,2025-04-14,36.15570934256055
22040,2025-04-15,27.0
22040,2025-04-18,27.0
22040,2025-04-19,38.57142857142857
22040,2025-04-22,27.0
22040,2025-04-23,72.58727097396336
22040,2025-04-26,27.0
22040,2025-04-27,28.014705882352942
22040,2025-04-30,27.0
22110,2025-04-02,54.0
22110,2025-04-03,54.0
22110,2025-04-06,27.0
22110,2025-04-07,27.0
22110,2025-04-10,27.0
22110,2025-04-11,27.0
22110,2025-04-14,27.0
22110,2025-04-15,27.0
22110,2025-04-18,27.0
22110,2025-04-19,27.0
22110,2025-04-22,27.0
22110,2025-04-23,27.0
22110,2025-04-26,27.0
22110,2025-04-27,27.0
22110,2025-04-30,9.0
22189,2025-04-01,27.0
22189,2025-04-02,27.0
22189,2025-04-03,27.0
22189,2025-04-04,27.0
22189,2025-04-05,27.0
22189,2025-04-06,27.0
22189,2025-04-07,27.0
22189,2025-04-10,27.0
22189,2025-04-11,27.0
22189,2025-04-12,27.0
22189,2025-04-13,27.0
22189,2025-04-14,27.0
22189,2025-04-15,27.0
22189,2025-04-18,27.0
22243,2025-04-01,77.54758462648938
22243,2025-04-02,9.485923406323078
22243,2025-04-03,54.16197446877436
22243,2025-04-04,9.0
22243,2025-04-07,52.648221343873516
22243,2025-04-09,27.0
22243,2025-04-10,51.08770777437037
22243,2025-04-11,27.487099361773378
22243,2025-04-14,94.27941270757198
22243,2025-04-15,54.0
22243,2025-04-16,54.0
22243,2025-04-17,100.79461279461279
22243,2025-04-18,54.0
22243,2025-04-21,9.0
22243,2025-04-22,54.0
22243,2025-04-23,62.003180590706485
22243,2025-04-24,54.0
22243,2025-04-25,54.0
22243,2025-04-28,9.0
22243,2025-04-29,55.711384079698234
22243,2025-04-30,54.0
22255,2025-04-01,54.0
22255,2025-04-02,20.051634689158792
22255,2025-04-03,33.18080625652655
22255,2025-04-04,9.161974468774359
22255,2025-04-07,54.0
22255,2025-04-08,10.335546919311282
22255,2025-04-09,1.0
22255,2025-04-10,54.08333914528778
22255,2025-04-11,54.0
22255,2025-04-14,100.9203539823009
22255,2025-04-15,54.0
22255,2025-04-16,54.0
22255,2025-04-17,54.0
22255,2025-04-18,54.0
22255,2025-04-20,27.0
22255,2025-04-21,16.430340557275542
22255,2025-04-22,54.0
22255,2025-04-23,54.0
22255,2025-04-24,54.0
22255,2025-04-25,54.0
22255,2025-04-28,9.565656565656566
22255,2025-04-29,62.502369668246445
22255,2025-04-30,32.497405485544846
22280,2025-04-01,54.0
22280,2025-04-04,54.0
22280,2025-04-05,54.0
22280,2025-04-08,54.0
22280,2025-04-09,54.0
22280,2025-04-12,3.0
22280,2025-04-13,3.0
22280,2025-04-16,54.0
22280,2025-04-17,54.0
22280,2025-04-20,54.0
22280,2025-04-21,54.0
22280,2025-04-24,27.258770855923604
22280,2025-04-25,48.75995984691637
22280,2025-04-28,54.0
22280,2025-04-29,54.0
22387,2025-04-10,77.00807847663013
22387,2025-04-11,12.786740365049958
22387,2025-04-14,51.48297749567225
22387,2025-04-15,36.0
22387,2025-04-18,10.574841078690723
22387,2025-04-19,9.0
22387,2025-04-22,27.493373343335833
22387,2025-04-23,27.0
22387,2025-04-26,27.0
22387,2025-04-27,27.0
22387,2025-04-30,18.291866028708135
22566,2025-04-01,27.0
22566,2025-04-02,15.0
22566,2025-04-03,27.0
22566,2025-04-04,27.0
22566,2025-04-07,53.75409836065574
22566,2025-04-08,27.0
22566,2025-04-09,27.0
22566,2025-04-10,27.0
22566,2025-04-11,27.0
22566,2025-04-14,55.0
22566,2025-04-15,54.0
22566,2025-04-16,54.0
22566,2025-04-17,100.79461279461279
22566,2025-04-18,54.0
22566,2025-04-21,27.0
22566,2025-04-28,9.0
22566,2025-04-29,57.500216314335105
22566,2025-04-30,54.0
22573,2025-04-02,27.0
22573,2025-04-03,27.0
22573,2025-04-06,27.0
22573,2025-04-07,27.0
22573,2025-04-10,27.0
22573,2025-04-11,27.0
22573,2025-04-14,9.0
22573,2025-04-15,9.0
22573,2025-04-18,9.0
22573,2025-04-22,9.0
22573,2025-04-23,27.0
22573,2025-04-26,27.0
22573,2025-04-27,27.0
22582,2025-04-01,54.0
22582,2025-04-02,9.0
22582,2025-04-03,54.12148085158077
22582,2025-04-04,9.0
22582,2025-04-07,45.14504952429079
22582,2025-04-08,27.0
22582,2025-04-09,27.0
22582,2025-04-10,61.49289099526067
22582,2025-04-11,54.0
22582,2025-04-21,3.0
22582,2025-04-22,51.757688840640114
22582,2025-04-23,54.0
22582,2025-04-24,54.0
22582,2025-04-25,54.0
22582,2025-04-28,9.0
22582,2025-04-29,54.902654867256636
22582,2025-04-30,54.0
22672,2025-04-01,3.0
22672,2025-04-04,3.0
22672,2025-04-05,3.0
22672,2025-04-08,3.0
22672,2025-04-09,3.0
22672,2025-04-12,9.0
22672,2025-04-13,3.0
22672,2025-04-16,9.0
22672,2025-04-17,9.0
22672,2025-04-20,3.0
22672,2025-04-21,9.0
22672,2025-04-24,9.0
22672,2025-04-25,3.6411483253588512
22672,2025-04-28,6.894736842105262
22672,2025-04-29,3.0
23001,2025-04-08,9.0
23001,2025-04-09,9.0
23001,2025-04-12,9.0
23001,2025-04-13,54.0
23001,2025-04-16,9.0
23001,2025-04-17,54.0
23001,2025-04-20,54.0
23001,2025-04-21,45.0
23001,2025-04-24,54.0
23001,2025-04-25,54.0
23022,2025-04-05,3.7133126934984517
23022,2025-04-08,54.0
23022,2025-04-09,1.0
23022,2025-04-12,3.0
23022,2025-04-13,3.0
23022,2025-04-16,1.0
23022,2025-04-17,9.0
23022,2025-04-20,1.0
23022,2025-04-21,3.0
23022,2025-04-28,54.0
23022,2025-04-29,27.0
23043,2025-04-02,3.0
23043,2025-04-03,3.0
23043,2025-04-06,9.0
23043,2025-04-07,9.0
23043,2025-04-10,9.0
23043,2025-04-11,9.0
23043,2025-04-14,3.0
23043,2025-04-15,9.0
23043,2025-04-18,3.0
23043,2025-04-19,9.0
23043,2025-04-22,3.0
23043,2025-04-23,3.0
23043,2025-04-26,9.0
23043,2025-04-27,9.0
23043,2025-04-30,5.0
23060,2025-04-01,3.1578947368421053
23060,2025-04-04,3.0
23060,2025-04-05,3.0
23060,2025-04-09,3.0
23060,2025-04-10,3.0
23060,2025-04-12,3.0
23060,2025-04-13,3.0
23060,2025-04-15,3.0
23060,2025-04-16,9.0
23060,2025-04-17,9.0
23060,2025-04-21,3.0
23060,2025-04-24,9.0
23060,2025-04-25,9.0
23060,2025-04-28,3.0
23060,2025-04-29,3.0
23077,2025-04-04,3.0
23077,2025-04-05,3.0
23077,2025-04-08,4.263157894736843
23077,2025-04-09,3.0
23077,2025-04-12,3.0
23077,2025-04-13,3.0
23077,2025-04-16,9.0
23077,2025-04-17,9.0
23077,2025-04-20,3.0
23077,2025-04-21,3.0
23077,2025-04-24,9.0
23077,2025-04-25,9.0
23077,2025-04-28,2.25
23077,2025-04-29,3.6315789473684212
23095,2025-04-02,6.0
23095,2025-04-03,1.0
23095,2025-04-06,1.0
23095,2025-04-07,1.0
23095,2025-04-10,54.0
23095,2025-04-11,54.0
23095,2025-04-14,1.0
23095,2025-04-15,1.0
23095,2025-04-18,54.0
23095,2025-04-19,54.0
23095,2025-04-22,54.0
23095,2025-04-23,54.0
23095,2025-04-26,54.0
23095,2025-04-27,31.5
23095,2025-04-30,54.0
23116,2025-04-02,2.1818181818181817
23116,2025-04-03,3.0
23116,2025-04-06,3.0
23116,2025-04-07,3.0
23116,2025-04-11,3.0
23116,2025-04-14,54.0
23116,2025-04-15,54.0
23116,2025-04-18,9.0
23116,2025-04-19,9.0
23116,2025-04-22,3.0
23116,2025-04-23,9.0
23116,2025-04-26,9.0
23116,2025-04-27,9.0
23116,2025-04-30,9.0
23147,2025-04-01,27.0
23147,2025-04-04,27.0
23147,2025-04-05,106.90625
23147,2025-04-08,27.0
23147,2025-04-09,27.0
23147,2025-04-12,19.0
23147,2025-04-13,27.0
23147,2025-04-16,27.0
23147,2025-04-17,27.0
23147,2025-04-20,27.0
23147,2025-04-21,27.0
23147,2025-04-24,23.400000000000002
23147,2025-04-25,21.0
23147,2025-04-28,27.0
23147,2025-04-29,27.0
23166,2025-04-02,3.0
23166,2025-04-03,3.0
23166,2025-04-06,3.0
23166,2025-04-07,3.0
23166,2025-04-10,3.0
23166,2025-04-11,3.0
23166,2025-04-14,3.0
23166,2025-04-15,3.0
23166,2025-04-18,5.2291021671826625
23166,2025-04-19,3.0
23166,2025-04-30,3.0
23167,2025-04-02,27.0
23167,2025-04-03,27.0
23167,2025-04-06,27.0
23167,2025-04-07,27.0
23167,2025-04-10,27.0
23167,2025-04-11,19.0
23167,2025-04-14,27.0
23167,2025-04-15,3.0
23167,2025-04-18,27.0
23167,2025-04-19,21.0
23167,2025-04-22,27.0
23167,2025-04-23,23.400000000000002
23167,2025-04-26,23.400000000000002
23167,2025-04-27,27.0
23167,2025-04-30,27.0
23173,2025-04-02,27.0
23173,2025-04-03,27.0
23173,2025-04-06,27.0
23173,2025-04-07,27.0
23173,2025-04-10,27.0
23173,2025-04-11,27.0
23173,2025-04-14,27.0
23173,2025-04-15,27.0
23173,2025-04-18,27.0
23173,2025-04-19,27.0
23173,2025-04-22,27.0
23173,2025-04-23,27.0
23173,2025-04-26,27.0
23173,2025-04-27,27.0
23176,2025-04-01,9.0
23176,2025-04-04,4.888888888888889
23176,2025-04-05,3.0
23176,2025-04-08,3.0
23176,2025-04-09,1.0
23176,2025-04-12,5.0
23176,2025-04-13,3.0
23176,2025-04-16,9.0
23176,2025-04-17,9.0
23176,2025-04-20,3.0
23176,2025-04-21,3.0
23176,2025-04-24,1.0
23176,2025-04-25,1.0
23176,2025-04-28,3.0
23176,2025-04-29,3.0
23177,2025-04-02,9.0
23177,2025-04-03,9.0
23177,2025-04-06,9.0
23177,2025-04-07,9.0
23177,2025-04-10,9.0
23177,2025-04-11,9.0
23177,2025-04-14,9.0
23177,2025-04-15,3.0
23185,2025-04-02,14.36599143559996
23185,2025-04-03,8.048987153399946
23185,2025-04-06,1.0
23185,2025-04-07,20.98499624906227
23185,2025-04-10,57.67743796884016
23185,2025-04-22,26.609819121447032
23185,2025-04-23,27.0
23185,2025-04-26,9.0
23185,2025-04-27,18.0
23185,2025-04-30,15.803827751196172
23195,2025-04-02,3.0
23195,2025-04-03,1.0
23195,2025-04-06,1.0
23195,2025-04-07,3.0
23195,2025-04-10,54.0
23195,2025-04-11,54.0
23195,2025-04-14,1.0
23195,2025-04-15,1.0
23195,2025-04-18,54.0
23195,2025-04-19,54.0
23195,2025-04-22,54.0
23195,2025-04-23,54.0
23195,2025-04-26,9.0
23195,2025-04-27,31.5
23195,2025-04-30,54.0
23292,2025-04-02,27.0
23292,2025-04-03,27.0
23292,2025-04-06,27.0
23292,2025-04-07,27.0
23292,2025-04-08,27.0
23292,2025-04-10,27.0
23292,2025-04-11,27.0
23292,2025-04-14,27.0
23292,2025-04-15,27.0
23292,2025-04-18,27.0
23292,2025-04-19,27.0
23292,2025-04-22,29.25
23292,2025-04-23,27.0
23292,2025-04-26,27.0
23292,2025-04-27,27.0
23292,2025-04-30,27.0
23350,2025-04-01,3.0
23350,2025-04-02,3.0
23350,2025-04-03,4.755417956656347
23350,2025-04-04,4.970072239422084
23350,2025-04-07,3.0
23350,2025-04-08,3.0
23350,2025-04-15,3.0
23350,2025-04-16,3.0
23350,2025-04-17,3.946336429308565
23350,2025-04-18,3.0
23350,2025-04-21,4.015037593984962
23350,2025-04-22,3.0
23350,2025-04-23,3.0
23350,2025-04-24,3.0
23350,2025-04-25,3.0
23386,2025-04-01,6.426748733730847
23386,2025-04-04,40.746686671667916
23386,2025-04-05,9.0
23386,2025-04-08,28.561625700542784
23386,2025-04-09,21.909227306826722
23386,2025-04-12,9.0
23386,2025-04-13,1.0
23386,2025-04-16,17.524493576699975
23386,2025-04-17,29.909090909090907
23386,2025-04-20,1.0
23386,2025-04-21,1.0
23386,2025-04-24,27.0
23386,2025-04-25,27.0
23386,2025-04-28,13.84848484848485
23386,2025-04-29,19.202020202020204
23454,2025-04-02,3.0
23454,2025-04-03,1.4191574209341802
23454,2025-04-06,3.0
23454,2025-04-07,1.0
23454,2025-04-10,1.0
23454,2025-04-11,1.0
23454,2025-04-15,2.682631184111817
23454,2025-04-18,3.0
23454,2025-04-19,9.0
23454,2025-04-22,3.0
23454,2025-04-23,1.6153846153846154
23454,2025-04-26,54.0
23454,2025-04-27,31.5
23454,2025-04-30,3.0
23455,2025-04-02,3.0
23455,2025-04-03,1.4191574209341802
23455,2025-04-06,1.0
23455,2025-04-07,1.0
23455,2025-04-10,1.0
23455,2025-04-11,1.0
23455,2025-04-15,2.682631184111817
23455,2025-04-18,3.0
23455,2025-04-19,9.0
23455,2025-04-22,3.0
23455,2025-04-23,1.6153846153846154
23455,2025-04-26,54.0
23455,2025-04-27,31.5
23455,2025-04-30,3.0
23748,2025-04-01,27.0
23748,2025-04-02,54.0
23748,2025-04-03,54.0
23748,2025-04-04,27.0
23748,2025-04-24,27.0
23748,2025-04-25,27.0
23748,2025-04-28,27.0
23748,2025-04-29,27.0
23748,2025-04-30,27.0
23750,2025-04-01,26.81528499070334
23750,2025-04-04,6.468551348363405
23750,2025-04-05,9.0
23750,2025-04-08,64.04108380036185
23750,2025-04-09,51.33877587043819
23750,2025-04-12,9.0
23750,2025-04-13,1.0
23750,2025-04-16,20.682995717799983
23750,2025-04-17,15.803827751196172
23750,2025-04-20,1.0
23750,2025-04-21,14.240060015003753
23750,2025-04-24,27.0
23750,2025-04-25,27.0
23750,2025-04-28,12.07177033492823
23750,2025-04-29,37.939393939393945
23759,2025-04-01,27.0
23759,2025-04-04,27.0
23759,2025-04-05,27.0
23759,2025-04-08,27.0
23759,2025-04-09,31.819168734491313
23759,2025-04-20,27.0
23759,2025-04-21,27.0
23759,2025-04-24,27.0
23759,2025-04-25,27.0
23759,2025-04-28,27.0
23759,2025-04-29,54.0
23770,2025-04-01,3.0
23770,2025-04-04,1.926047301299009
23770,2025-04-05,3.0
23770,2025-04-08,27.0
23770,2025-04-09,17.391282031034073
23770,2025-04-20,5.13
23770,2025-04-21,1.4717789949988092
23770,2025-04-24,2.1999999999999997
23770,2025-04-25,6.795215311004785
23770,2025-04-28,17.977443609022558
23770,2025-04-29,27.0
23771,2025-04-01,6.426748733730847
23771,2025-04-03,17.524493576699975
23771,2025-04-04,2.3622616180360856
23771,2025-04-05,9.0
23771,2025-04-08,28.561625700542784
23771,2025-04-09,1.0
23771,2025-04-12,9.0
23771,2025-04-13,1.0
23788,2025-04-01,3.0
23788,2025-04-04,27.0
23788,2025-04-05,27.0
23788,2025-04-08,27.0
23788,2025-04-09,27.0
23788,2025-04-12,27.0
23788,2025-04-13,27.0
23788,2025-04-16,27.0
23788,2025-04-17,27.0
23836,2025-04-02,3.0
23836,2025-04-03,3.0
23836,2025-04-06,3.0
23836,2025-04-07,3.0
23836,2025-04-10,1.0
23836,2025-04-11,1.0
23836,2025-04-15,3.0
23836,2025-04-18,3.0
23836,2025-04-19,3.4702139965297856
23836,2025-04-22,3.0
23836,2025-04-23,3.0
23836,2025-04-26,1.0
23836,2025-04-30,54.0
23868,2025-04-02,3.0
23868,2025-04-03,3.0
23868,2025-04-06,3.0
23868,2025-04-07,9.0
23868,2025-04-10,3.0
23868,2025-04-11,3.0
23868,2025-04-14,3.0
23868,2025-04-15,9.0
23868,2025-04-18,3.0
23868,2025-04-19,3.4702139965297856
23868,2025-04-22,3.0
23868,2025-04-23,9.0
23868,2025-04-26,9.0
23868,2025-04-27,3.0
23868,2025-04-30,3.0
23869,2025-04-02,3.0
23869,2025-04-03,3.1666666666666665
23869,2025-04-06,3.0
23869,2025-04-07,3.0
23869,2025-04-10,3.0
23869,2025-04-11,3.0
23869,2025-04-14,3.4210526315789473
23869,2025-04-15,3.789473684210526
23869,2025-04-18,3.0
23869,2025-04-19,3.0
23869,2025-04-22,3.0
23869,2025-04-23,9.0
23869,2025-04-26,9.0
23869,2025-04-27,3.0
23869,2025-04-30,9.0
23883,2025-04-02,54.0
23883,2025-04-03,54.0
23883,2025-04-06,54.0
23883,2025-04-07,54.0
23883,2025-04-10,54.0
23883,2025-04-11,36.33333333333333
23883,2025-04-14,54.0
23883,2025-04-15,54.0
23883,2025-04-18,54.0
23883,2025-04-19,54.0
23883,2025-04-22,54.0
23883,2025-04-23,54.0
23883,2025-04-26,54.0
23883,2025-04-27,54.0
23883,2025-04-30,54.0
23895,2025-04-01,54.0
23895,2025-04-02,8.611382755793118
23895,2025-04-03,54.0
23895,2025-04-04,1.0
23895,2025-04-22,54.0
23895,2025-04-23,54.0
23895,2025-04-24,54.0
23895,2025-04-25,55.174639025570706
23895,2025-04-28,2.926829268292683
23895,2025-04-29,59.88423280819737
23895,2025-04-30,54.0
23896,2025-04-02,14.36599143559996
23896,2025-04-03,8.048987153399946
23896,2025-04-06,1.0
23896,2025-04-07,20.98499624906227
23896,2025-04-10,38.34679746105021
23896,2025-04-11,11.207489294499956
23896,2025-04-14,37.552730728760054
23896,2025-04-15,36.0
23896,2025-04-18,2.3622616180360856
23896,2025-04-19,9.0
23896,2025-04-22,13.356505793114948
23896,2025-04-23,27.0
23896,2025-04-26,27.0
23896,2025-04-27,27.0
23896,2025-04-30,12.07177033492823
23897,2025-04-01,9.0
23897,2025-04-04,54.0
23897,2025-04-05,18.0
23897,2025-04-08,54.0
23897,2025-04-09,1.0
23897,2025-04-12,3.50187969924812
23897,2025-04-13,9.0
23897,2025-04-16,1.0
23897,2025-04-17,3.0
23897,2025-04-20,1.0
23897,2025-04-21,1.0
23897,2025-04-24,35.715132693393564
23897,2025-04-25,47.53839566086212
23897,2025-04-28,54.0
23897,2025-04-29,54.0
23900,2025-04-02,9.0
23900,2025-04-03,54.0
23900,2025-04-06,27.0
23900,2025-04-07,27.0
23900,2025-04-10,27.0
23900,2025-04-14,27.0
23900,2025-04-15,27.0
23900,2025-04-18,9.0
23900,2025-04-19,28.421052631578952
23900,2025-04-22,27.0
23900,2025-04-23,27.0
23900,2025-04-26,27.0
23900,2025-04-27,27.0
23900,2025-04-30,9.0
23901,2025-04-01,27.0
23901,2025-04-04,27.0
23901,2025-04-05,27.0
23901,2025-04-08,27.0
23901,2025-04-09,27.0
23901,2025-04-12,27.0
23901,2025-04-13,27.0
23901,2025-04-16,27.0
23901,2025-04-17,27.0
23901,2025-04-20,27.0
23901,2025-04-21,27.0
23901,2025-04-24,27.0
23901,2025-04-25,27.0
23901,2025-04-28,27.0
23901,2025-04-29,27.0
23916,2025-04-06,54.0
23916,2025-04-07,54.0
23916,2025-04-11,54.0
23916,2025-04-14,3.0
23916,2025-04-15,9.0
23916,2025-04-18,3.0
23916,2025-04-19,3.0
23916,2025-04-22,3.0
23916,2025-04-23,9.0
23916,2025-04-26,9.0
23916,2025-04-27,3.0
23916,2025-04-30,2.727272727272727
23922,2025-04-01,3.0
23922,2025-04-04,27.0
23922,2025-04-05,27.0
23922,2025-04-08,27.0
23922,2025-04-09,27.0
23922,2025-04-12,27.0
23922,2025-04-13,27.0
23922,2025-04-16,27.0
23922,2025-04-17,27.0
23922,2025-04-20,27.0
23922,2025-04-21,27.0
23922,2025-04-24,27.0
23922,2025-04-25,9.0
23922,2025-04-28,27.0
23922,2025-04-29,27.0
23929,2025-04-02,4.63157894736842
23929,2025-04-03,4.4897959183673475
23929,2025-04-06,54.0
23929,2025-04-07,54.0
23929,2025-04-11,3.0
23929,2025-04-14,3.0
23929,2025-04-15,9.0
23929,2025-04-18,3.0
23929,2025-04-19,3.0
23929,2025-04-22,3.0
23929,2025-04-23,9.0
23929,2025-04-26,9.0
23929,2025-04-27,3.0
23929,2025-04-30,3.0
23934,2025-04-02,54.0
23934,2025-04-03,3.0
23934,2025-04-06,3.816339869281046
23934,2025-04-07,3.0
23934,2025-04-10,54.0
23934,2025-04-11,54.0
23934,2025-04-14,54.0
23934,2025-04-15,54.0
23934,2025-04-18,54.0
23934,2025-04-19,3.4702139965297856
23934,2025-04-22,9.0
23934,2025-04-23,3.0
23934,2025-04-26,54.0
23934,2025-04-27,31.5
23934,2025-04-30,54.0
23935,2025-04-02,27.0
23935,2025-04-03,1.0
23935,2025-04-06,34.70647773279352
23935,2025-04-07,27.0
23935,2025-04-10,27.0
23935,2025-04-11,27.0
23935,2025-04-22,27.0
23935,2025-04-23,27.0
23935,2025-04-26,9.0
23935,2025-04-27,9.0
23935,2025-04-30,43.61538461538462
23936,2025-04-01,3.0
23936,2025-04-04,27.0
23936,2025-04-05,27.0
23936,2025-04-08,27.0
23936,2025-04-09,33.78646458583433
23936,2025-04-12,27.0
23936,2025-04-13,27.0
23936,2025-04-16,27.0
23936,2025-04-17,27.0
23936,2025-04-20,27.0
23936,2025-04-21,27.0
23936,2025-04-24,27.0
23936,2025-04-25,27.0
23936,2025-04-28,27.0
23936,2025-04-29,9.0
23969,2025-04-02,27.0
23969,2025-04-03,27.0
23969,2025-04-06,27.0
23969,2025-04-07,27.0
23969,2025-04-10,27.0
23969,2025-04-11,27.0
23969,2025-04-14,37.98461538461538
23969,2025-04-15,27.0
23969,2025-04-18,27.0
23969,2025-04-19,27.0
23969,2025-04-22,27.0
23969,2025-04-23,27.0
23969,2025-04-26,27.0
23969,2025-04-27,27.0
23970,2025-04-09,3.0
23992,2025-04-10,86.67339873052511
23992,2025-04-11,11.207489294499956
23992,2025-04-14,37.552730728760054
23992,2025-04-15,36.0
23992,2025-04-18,2.3622616180360856
23992,2025-04-19,9.0
23992,2025-04-22,17.906810035842295
23992,2025-04-23,27.0
23992,2025-04-26,9.0
23992,2025-04-27,18.0
23992,2025-04-30,15.803827751196172
24001,2025-04-02,3.0
24001,2025-04-03,1.0
24001,2025-04-06,1.0
24001,2025-04-07,1.0
24001,2025-04-10,18.0
24001,2025-04-11,9.0
24001,2025-04-14,54.0
24001,2025-04-15,54.0
24001,2025-04-18,54.0
24001,2025-04-19,3.2446500867553496
24001,2025-04-22,15.0
24001,2025-04-23,3.0
24001,2025-04-26,54.0
24001,2025-04-27,39.0
24001,2025-04-30,54.0
24130,2025-04-02,27.0
24130,2025-04-03,1.0
24130,2025-04-06,33.61062753036437
24130,2025-04-07,27.0
24130,2025-04-10,27.546558704453442
24130,2025-04-11,27.0
24130,2025-04-30,27.0
24212,2025-04-09,27.0
24212,2025-04-25,3.1153846153846154
24220,2025-04-01,20.019106238379177
24220,2025-04-04,21.0
24220,2025-04-05,9.0
24220,2025-04-08,28.561625700542784
24220,2025-04-09,23.008163805657297
24220,2025-04-12,3.0
24220,2025-04-13,1.0
24220,2025-04-17,12.07177033492823
24220,2025-04-20,1.0
24220,2025-04-21,14.240060015003753
24220,2025-04-24,27.0
24220,2025-04-25,27.0
24220,2025-04-28,29.909090909090907
24220,2025-04-29,21.87878787878788
24228,2025-04-01,54.0
24228,2025-04-04,54.0
24228,2025-04-05,54.0
24228,2025-04-08,54.0
24228,2025-04-09,54.0
24228,2025-04-12,54.0
24228,2025-04-13,54.0
24228,2025-04-16,54.0
24228,2025-04-17,54.0
24228,2025-04-20,54.0
24228,2025-04-21,54.0
24228,2025-04-24,54.0
24228,2025-04-25,54.0
24228,2025-04-28,54.0
24228,2025-04-29,54.0
24349,2025-04-01,27.0
24349,2025-04-03,36.0
24349,2025-04-04,27.0
24349,2025-04-05,27.0
24349,2025-04-08,27.0
24349,2025-04-09,27.0
24349,2025-04-12,27.0
24349,2025-04-13,27.0
24349,2025-04-16,27.0
24349,2025-04-17,27.0
24349,2025-04-20,27.0
24349,2025-04-21,27.0
24349,2025-04-24,27.0
24349,2025-04-25,27.0
24349,2025-04-28,27.0
24349,2025-04-29,27.0
24392,2025-04-02,1.0
24392,2025-04-03,27.0
24392,2025-04-06,28.694331983805668
24392,2025-04-10,27.0
24392,2025-04-11,27.0
24392,2025-04-14,27.0
24392,2025-04-15,52.269230769230774
24392,2025-04-18,27.0
24392,2025-04-19,27.0
24392,2025-04-22,27.0
24392,2025-04-23,27.0
24392,2025-04-26,28.967611336032387
24392,2025-04-27,27.233124018838303
24392,2025-04-30,27.0
24414,2025-04-01,9.0
24414,2025-04-02,9.0
24414,2025-04-03,54.0
24414,2025-04-07,27.0
24414,2025-04-08,27.0
24414,2025-04-10,27.0
24414,2025-04-11,27.0
24461,2025-04-01,27.0
24461,2025-04-04,27.0
24461,2025-04-05,27.0
24461,2025-04-08,27.0
24461,2025-04-09,35.002262443438916
24461,2025-04-12,27.0
24461,2025-04-13,27.0
24461,2025-04-16,27.0
24461,2025-04-17,27.0
24461,2025-04-20,27.0
24461,2025-04-21,27.0
24461,2025-04-24,27.0
24461,2025-04-25,9.0
24461,2025-04-28,27.0
24461,2025-04-29,27.0
24474,2025-04-01,3.0
24474,2025-04-04,1.0
24474,2025-04-05,9.0
24474,2025-04-08,27.0
24474,2025-04-09,3.4709598452244608
24474,2025-04-12,2.3684210526315788
24474,2025-04-13,2.5
24474,2025-04-17,2.538699690402477
24474,2025-04-20,2.142857142857143
24474,2025-04-21,2.5720409621338414
24480,2025-04-01,2.8
24480,2025-04-04,1.0
24480,2025-04-05,3.341795665634675
24480,2025-04-08,3.0
24480,2025-04-09,3.0
24480,2025-04-12,3.0
24480,2025-04-13,2.8714285714285714
24480,2025-04-16,1.0
24480,2025-04-17,3.0
24480,2025-04-20,3.0
24480,2025-04-21,3.351447314295612
24480,2025-04-24,5.3999999999999995
24480,2025-04-25,16.839486356340288
24480,2025-04-28,3.042068936755844
24480,2025-04-29,1.75
24485,2025-04-01,54.0
24485,2025-04-04,54.0
24485,2025-04-05,54.0
24485,2025-04-08,9.0
24485,2025-04-09,9.0
24485,2025-04-28,9.0
24485,2025-04-29,54.0
24520,2025-04-01,27.0
24520,2025-04-04,54.0
24520,2025-04-05,16.5
24520,2025-04-08,9.0
24520,2025-04-09,9.0
24520,2025-04-12,9.0
24520,2025-04-13,54.0
24520,2025-04-16,9.0
24520,2025-04-17,9.0
24520,2025-04-20,9.0
24520,2025-04-21,9.0
24520,2025-04-24,24.0
24520,2025-04-25,9.0
24520,2025-04-28,18.0
24520,2025-04-29,27.0
24526,2025-04-01,54.0
24526,2025-04-04,9.0
24526,2025-04-05,24.0
24526,2025-04-08,54.0
24526,2025-04-09,9.0
24526,2025-04-12,54.0
24526,2025-04-13,9.0
24526,2025-04-16,54.0
24526,2025-04-17,9.0
24526,2025-04-20,2.3597455176402544
24526,2025-04-21,3.2364848773517503
24526,2025-04-24,1.6153846153846154
24526,2025-04-25,1.7142857142857142
24526,2025-04-28,3.2489164086687303
24526,2025-04-29,1.75
24529,2025-04-01,27.0
24529,2025-04-02,27.0
24529,2025-04-04,27.0
24529,2025-04-05,27.0
24529,2025-04-08,27.0
24529,2025-04-09,27.0
24529,2025-04-12,27.0
24529,2025-04-13,27.0
24529,2025-04-16,27.0
24529,2025-04-17,27.0
24529,2025-04-20,27.0
24529,2025-04-21,27.0
24529,2025-04-24,27.0
24529,2025-04-25,27.0
24529,2025-04-28,27.0
24529,2025-04-29,27.0
24530,2025-04-01,3.0
24530,2025-04-04,1.4191574209341802
24530,2025-04-05,3.306501547987616
24530,2025-04-08,27.0
24530,2025-04-09,3.0
24530,2025-04-12,3.0
24530,2025-04-13,3.0
24530,2025-04-17,3.0
24530,2025-04-20,2.8004626951995375
24530,2025-04-21,3.1864729697547034
24530,2025-04-24,3.0
24530,2025-04-25,9.583732057416267
24530,2025-04-28,27.0
24530,2025-04-29,27.0
24534,2025-04-01,9.0
24534,2025-04-02,9.0
24534,2025-04-03,9.0
24534,2025-04-06,9.0
24534,2025-04-07,9.0
24534,2025-04-08,3.0
24534,2025-04-10,9.0
24534,2025-04-11,9.0
24534,2025-04-18,31.5
24534,2025-04-19,9.0
24534,2025-04-22,24.0
24534,2025-04-23,25.200000000000003
24534,2025-04-26,27.0
24534,2025-04-27,18.333333333333336
24534,2025-04-30,27.0
24535,2025-04-02,1.3636363636363635
24535,2025-04-03,46.257357184073854
24535,2025-04-06,54.0
24535,2025-04-07,54.0
24535,2025-04-10,9.0
24535,2025-04-11,9.0
24535,2025-04-14,9.0
24535,2025-04-15,9.0
24535,2025-04-18,9.0
24535,2025-04-19,27.0
24551,2025-04-02,9.0
24551,2025-04-03,9.0
24551,2025-04-06,9.0
24551,2025-04-07,9.0
24551,2025-04-10,27.0
24551,2025-04-11,27.0
24551,2025-04-14,9.0
24551,2025-04-15,9.0
24551,2025-04-18,9.0
24551,2025-04-19,9.0
24551,2025-04-22,9.0
24551,2025-04-23,9.0
24551,2025-04-26,27.0
24551,2025-04-27,27.0
24551,2025-04-30,9.0
24557,2025-04-01,27.0
24557,2025-04-04,54.0
24557,2025-04-05,54.0
24557,2025-04-08,54.0
24557,2025-04-09,9.0
24557,2025-04-12,9.0
24557,2025-04-13,2.682330827067669
24557,2025-04-16,9.0
24557,2025-04-17,9.0
24557,2025-04-20,2.0994794679005206
24557,2025-04-21,9.0
24557,2025-04-24,54.0
24557,2025-04-25,54.0
24557,2025-04-28,27.0
24557,2025-04-29,27.0
24558,2025-04-01,54.0
24558,2025-04-04,54.0
24558,2025-04-05,31.5
24558,2025-04-08,54.0
24558,2025-04-09,9.0
24558,2025-04-12,54.0
24558,2025-04-13,54.0
24558,2025-04-16,54.0
24558,2025-04-17,54.0
24558,2025-04-20,54.0
24558,2025-04-21,54.0
24558,2025-04-24,9.0
24558,2025-04-25,27.0
24558,2025-04-28,1.0
24558,2025-04-29,27.0
24561,2025-04-01,3.0
24561,2025-04-02,9.0
24561,2025-04-03,9.0
24561,2025-04-04,1.0401152919808894
24561,2025-04-06,9.0
24561,2025-04-07,9.0
24561,2025-04-08,3.0
24561,2025-04-10,9.0
24561,2025-04-11,9.0
24561,2025-04-13,2.4642857142857144
24561,2025-04-14,9.0
24561,2025-04-15,9.0
24561,2025-04-16,9.0
24561,2025-04-18,7.607948442534908
24561,2025-04-30,27.0
24563,2025-04-02,54.0
24563,2025-04-03,25.67647624543181
24563,2025-04-06,54.0
24563,2025-04-07,54.0
24563,2025-04-10,9.0
24563,2025-04-11,9.0
24563,2025-04-14,9.0
24563,2025-04-15,9.0
24563,2025-04-18,31.5
24563,2025-04-19,9.0
24563,2025-04-22,2.4125
24563,2025-04-23,9.0
24563,2025-04-26,9.0
24563,2025-04-27,9.0
24563,2025-04-30,9.0
24568,2025-04-02,54.0
24568,2025-04-03,10.189363339103668
24568,2025-04-04,3.0
24568,2025-04-07,3.0
24568,2025-04-10,1.0
24568,2025-04-11,3.7972222222222216
24568,2025-04-12,2.7
24568,2025-04-14,3.0
24568,2025-04-18,3.0
24568,2025-04-19,3.0
24568,2025-04-22,3.0
24568,2025-04-23,3.0
24568,2025-04-26,27.0
24568,2025-04-27,27.0
24568,2025-04-30,27.0
24582,2025-04-01,9.0
24582,2025-04-04,54.0
24582,2025-04-05,18.0
24582,2025-04-08,9.0
24582,2025-04-09,9.0
24582,2025-04-12,9.0
24582,2025-04-13,9.0
24582,2025-04-16,9.0
24582,2025-04-17,9.0
24582,2025-04-20,9.0
24582,2025-04-21,9.0
24582,2025-04-24,9.0
24582,2025-04-25,54.0
24582,2025-04-28,39.0
24582,2025-04-29,54.0
24584,2025-04-02,3.061224489795918
24584,2025-04-03,3.306501547987616
24584,2025-04-06,3.241296518607443
24584,2025-04-07,3.0
24584,2025-04-10,1.0
24584,2025-04-11,1.0
24584,2025-04-14,9.0
24584,2025-04-15,31.5
24584,2025-04-18,31.5
24584,2025-04-19,9.0
24584,2025-04-22,24.0
24584,2025-04-23,9.0
24584,2025-04-26,9.0
24584,2025-04-27,9.0
24584,2025-04-30,9.0
24596,2025-04-01,3.0
24596,2025-04-02,2.1999999999999997
24596,2025-04-03,3.0959752321981426
24596,2025-04-07,9.0
24596,2025-04-10,9.0
24596,2025-04-11,9.0
24596,2025-04-14,20.25
24596,2025-04-15,9.0
24596,2025-04-18,9.0
24596,2025-04-19,2.5679583574320413
24596,2025-04-22,39.0
24596,2025-04-23,9.0
24596,2025-04-26,9.0
24596,2025-04-27,24.0
24596,2025-04-30,9.0
24599,2025-04-01,54.0
24599,2025-04-04,54.0
24599,2025-04-05,54.0
24599,2025-04-08,9.0
24599,2025-04-09,9.0
24599,2025-04-12,54.0
24599,2025-04-13,54.0
24599,2025-04-16,54.0
24599,2025-04-17,9.0
24599,2025-04-20,9.0
24599,2025-04-21,9.0
24599,2025-04-24,54.0
24599,2025-04-25,54.0
24599,2025-04-28,9.0
24599,2025-04-29,27.0
24606,2025-04-01,9.0
24606,2025-04-04,9.0
24606,2025-04-05,9.0
24606,2025-04-08,9.0
24606,2025-04-09,9.0
24606,2025-04-12,54.0
24606,2025-04-13,54.0
24606,2025-04-16,54.0
24606,2025-04-17,9.0
24606,2025-04-20,9.0
24606,2025-04-21,31.5
24606,2025-04-24,54.0
24606,2025-04-25,54.0
24606,2025-04-28,9.0
24606,2025-04-29,54.0
24610,2025-04-02,9.0
24610,2025-04-03,1.0
24610,2025-04-06,1.0
24610,2025-04-07,1.0
24610,2025-04-10,1.0
24610,2025-04-11,1.0
24610,2025-04-15,6.0
24610,2025-04-18,18.0
24610,2025-04-19,9.0
24610,2025-04-22,9.0
24610,2025-04-23,3.0
24610,2025-04-26,27.0
24610,2025-04-27,27.0
24610,2025-04-30,1.0
24616,2025-04-01,54.0
24616,2025-04-04,54.0
24616,2025-04-05,31.5
24616,2025-04-08,1.0
24616,2025-04-09,1.0
24616,2025-04-12,27.0
24616,2025-04-13,54.0
24616,2025-04-16,54.0
24616,2025-04-17,54.0
24616,2025-04-20,42.75
24616,2025-04-21,54.0
24616,2025-04-24,9.0
24616,2025-04-25,9.0
24616,2025-04-28,9.0
24616,2025-04-29,39.0
24618,2025-04-01,7.0
24618,2025-04-04,1.4191574209341802
24618,2025-04-05,9.0
24618,2025-04-08,27.0
24618,2025-04-09,1.0
24618,2025-04-12,27.0
24618,2025-04-13,1.0
24619,2025-04-01,9.0
24619,2025-04-04,7.0
24619,2025-04-05,6.333333333333333
24619,2025-04-08,1.0
24619,2025-04-09,1.0
24619,2025-04-12,27.0
24619,2025-04-13,1.0
24619,2025-04-16,1.0
24619,2025-04-17,5.25
24619,2025-04-20,1.0
24619,2025-04-21,1.0
24619,2025-04-24,6.0
24619,2025-04-25,21.0
24619,2025-04-28,27.0
24619,2025-04-29,27.0
24620,2025-04-01,9.0
24620,2025-04-04,9.0
24620,2025-04-05,9.0
24620,2025-04-08,15.0
24620,2025-04-09,15.0
24620,2025-04-12,27.0
24620,2025-04-13,9.0
24620,2025-04-24,9.0
24620,2025-04-25,18.0
24620,2025-04-28,27.0
24620,2025-04-29,27.0
24621,2025-04-01,3.0
24621,2025-04-08,27.0
24621,2025-04-09,1.0
24621,2025-04-12,27.0
24621,2025-04-13,1.0
24621,2025-04-16,3.16891912412306
24621,2025-04-17,9.0
24621,2025-04-20,18.0
24621,2025-04-21,9.0
24621,2025-04-24,9.0
24621,2025-04-25,12.07177033492823
24621,2025-04-28,3.0
24622,2025-04-01,9.0
24622,2025-04-04,1.0
24622,2025-04-05,9.0
24622,2025-04-08,27.0
24622,2025-04-09,1.0
24622,2025-04-12,9.0
24622,2025-04-13,1.0
24622,2025-04-16,1.0
24622,2025-04-17,3.0
24622,2025-04-20,1.0
24622,2025-04-21,1.0
24622,2025-04-24,3.0
24622,2025-04-25,9.0
24622,2025-04-28,3.0
24622,2025-04-29,27.0
24624,2025-04-01,9.0
24624,2025-04-04,1.0
24624,2025-04-05,9.0
24624,2025-04-08,27.0
24624,2025-04-09,1.0
24624,2025-04-12,9.0
24624,2025-04-13,1.0
24624,2025-04-16,1.0
24624,2025-04-17,3.0
24624,2025-04-24,3.0
24624,2025-04-25,9.0
24624,2025-04-28,1.0
24624,2025-04-29,27.0
24627,2025-04-01,54.0
24627,2025-04-02,9.0
24627,2025-04-03,54.0
24627,2025-04-04,54.0
24627,2025-04-07,52.648221343873516
24627,2025-04-08,41.10940893118016
24627,2025-04-09,27.0
24627,2025-04-10,51.00672053998319
24627,2025-04-11,54.0
24627,2025-04-14,27.0
24627,2025-04-15,36.0
24627,2025-04-16,27.0
24627,2025-04-17,36.0
24627,2025-04-18,27.0
24627,2025-04-21,27.0
24627,2025-04-22,27.0
24627,2025-04-23,27.0
24627,2025-04-24,27.0
24627,2025-04-25,27.0
24627,2025-04-28,54.59385335161733
24627,2025-04-29,54.0
24627,2025-04-30,36.55675230566535
24628,2025-04-02,0.5454545454545454
24628,2025-04-03,2.261473263052605
24628,2025-04-06,2.0964175143741706
24628,2025-04-07,2.3622616180360856
24628,2025-04-10,1.0
24628,2025-04-11,1.0
24628,2025-04-26,27.0
24628,2025-04-27,27.0
24628,2025-04-30,3.0
24630,2025-04-02,3.0
24630,2025-04-03,3.0
24630,2025-04-05,3.0
24630,2025-04-06,6.0
24630,2025-04-07,6.6000000000000005
24630,2025-04-11,9.0
24630,2025-04-14,7.5
24630,2025-04-15,1.0
24630,2025-04-18,18.0
24630,2025-04-19,6.0
24630,2025-04-22,6.333333333333333
24630,2025-04-23,5.0
24630,2025-04-26,27.0
24630,2025-04-27,27.0
24630,2025-04-30,18.0
24631,2025-04-02,9.0
24631,2025-04-03,1.0
24631,2025-04-06,1.0
24631,2025-04-07,2.3622616180360856
24631,2025-04-10,1.914302738364014
24631,2025-04-11,9.74343585896474
24631,2025-04-14,1.0
24631,2025-04-15,1.0
24631,2025-04-17,9.0
24631,2025-04-18,1.0
24631,2025-04-19,6.0
24631,2025-04-21,1.104789355233545
24631,2025-04-22,3.0
24631,2025-04-23,4.263157894736842
24631,2025-04-30,1.8516746411483251
24632,2025-04-02,3.0
24632,2025-04-03,7.800000000000001
24632,2025-04-06,8.142857142857142
24632,2025-04-07,10.5
24632,2025-04-10,9.0
24632,2025-04-11,5.571428571428571
24632,2025-04-14,1.0
24632,2025-04-15,1.0
24632,2025-04-18,3.5864661654135337
24632,2025-04-19,9.0
24632,2025-04-22,9.0
24632,2025-04-23,3.0
24632,2025-04-24,3.0
24632,2025-04-27,18.0
24632,2025-04-30,19.0
24633,2025-04-02,3.0
24633,2025-04-03,6.0
24633,2025-04-06,15.0
24633,2025-04-07,18.0
24633,2025-04-08,27.0
24633,2025-04-11,9.0
24633,2025-04-14,6.0
24633,2025-04-15,1.0
24633,2025-04-18,10.5
24633,2025-04-19,3.0
24633,2025-04-22,18.0
24633,2025-04-23,9.0
24633,2025-04-26,6.0
24633,2025-04-27,16.5
24633,2025-04-30,3.0
24634,2025-04-02,9.0
24634,2025-04-03,1.0
24634,2025-04-06,1.0
24634,2025-04-07,18.787420539345362
24634,2025-04-11,1.0
24634,2025-04-14,1.0
24634,2025-04-15,9.0
24634,2025-04-18,9.0
24634,2025-04-19,6.0
24634,2025-04-22,9.0
24634,2025-04-23,5.11336032388664
24634,2025-04-26,27.0
24634,2025-04-27,27.0
24634,2025-04-30,1.6565656565656564
24635,2025-04-02,27.0
24635,2025-04-03,27.0
24635,2025-04-05,27.0
24635,2025-04-06,27.0
24635,2025-04-07,27.0
24635,2025-04-10,27.0
24635,2025-04-11,27.0
24635,2025-04-14,27.0
24635,2025-04-15,27.0
24635,2025-04-22,27.0
24635,2025-04-23,27.0
24635,2025-04-26,27.0
24635,2025-04-27,27.0
24635,2025-04-29,27.0
24635,2025-04-30,27.0
24636,2025-04-01,9.0
24636,2025-04-02,9.0
24636,2025-04-03,1.0
24636,2025-04-05,9.0
24636,2025-04-06,1.0
24636,2025-04-07,18.787420539345362
24636,2025-04-14,1.0
24636,2025-04-15,3.0
24636,2025-04-18,3.0
24636,2025-04-19,3.0
24636,2025-04-21,1.0
24636,2025-04-22,9.0
24636,2025-04-23,2.875598086124402
24636,2025-04-25,2.119617224880383
24636,2025-04-30,1.0
24637,2025-04-02,7.0
24637,2025-04-03,1.0
24637,2025-04-06,1.0
24637,2025-04-10,27.0
24637,2025-04-11,9.0
24637,2025-04-14,1.0
24637,2025-04-15,9.0
24637,2025-04-18,3.000000000000001
24637,2025-04-19,3.0
24637,2025-04-22,3.0
24637,2025-04-23,3.0
24637,2025-04-26,27.0
24637,2025-04-27,27.0
24637,2025-04-30,1.0
24644,2025-04-02,9.0
24644,2025-04-03,7.0
24644,2025-04-06,8.142857142857142
24644,2025-04-07,12.333333333333334
24644,2025-04-10,9.0
24644,2025-04-11,6.428571428571428
24644,2025-04-14,1.0
24644,2025-04-15,5.0
24644,2025-04-18,3.0
24644,2025-04-19,9.0
24645,2025-04-01,3.0
24645,2025-04-04,1.5785920164251588
24645,2025-04-05,3.0
24645,2025-04-08,27.0
24645,2025-04-09,1.0
24645,2025-04-17,3.0
24645,2025-04-20,1.2928100446164166
24645,2025-04-21,1.104789355233545
24645,2025-04-24,6.0
24645,2025-04-28,27.0
24645,2025-04-29,27.0
24646,2025-04-08,27.0
24646,2025-04-09,1.0
24646,2025-04-12,27.0
24646,2025-04-13,1.0
24646,2025-04-16,4.342424150393294
24646,2025-04-17,3.0
24646,2025-04-21,4.664832874885388
24646,2025-04-24,3.0
24646,2025-04-25,27.0
24646,2025-04-29,27.0
24647,2025-04-01,9.0
24647,2025-04-04,1.0
24647,2025-04-05,3.0
24647,2025-04-08,27.0
24647,2025-04-09,1.0
24647,2025-04-20,1.0
24647,2025-04-21,1.0
24647,2025-04-24,3.0
24647,2025-04-25,3.0
24647,2025-04-28,27.0
24647,2025-04-29,27.0
24648,2025-04-02,9.0
24648,2025-04-03,9.0
24648,2025-04-06,9.0
24648,2025-04-07,27.0
24648,2025-04-10,27.0
24648,2025-04-11,5.20957871046709
24648,2025-04-14,3.314368065700635
24648,2025-04-15,1.0
24648,2025-04-18,3.0
24648,2025-04-19,9.0
24648,2025-04-22,9.0
24648,2025-04-23,6.0
24648,2025-04-26,27.0
24649,2025-04-02,7.285714285714285
24649,2025-04-03,9.0
24649,2025-04-06,9.0
24649,2025-04-07,18.0
24649,2025-04-08,27.0
24649,2025-04-10,27.0
24649,2025-04-11,18.0
24649,2025-04-14,9.0
24649,2025-04-15,12.0
24649,2025-04-18,7.0
24649,2025-04-22,6.0
24649,2025-04-23,9.0
24649,2025-04-26,27.0
24649,2025-04-27,27.0
24649,2025-04-30,9.0
24651,2025-04-01,9.0
24651,2025-04-04,5.246811702925731
24651,2025-04-05,9.0
24651,2025-04-20,18.0
24651,2025-04-21,1.4191574209341802
24651,2025-04-24,9.0
24651,2025-04-25,12.07177033492823
24651,2025-04-28,54.0
24651,2025-04-29,54.0
24652,2025-04-02,27.0
24652,2025-04-03,28.92857142857143
24652,2025-04-06,27.0
24652,2025-04-07,27.461538461538463
24652,2025-04-10,31.846153846153847
24652,2025-04-11,27.0
24652,2025-04-14,27.0
24652,2025-04-15,27.0
24652,2025-04-18,27.0
24652,2025-04-19,27.0
24652,2025-04-22,27.0
24652,2025-04-23,27.0
24652,2025-04-26,27.0
24652,2025-04-27,27.0
24652,2025-04-30,54.0
24653,2025-04-02,9.0
24653,2025-04-03,2.366762743317407
24653,2025-04-06,7.992998249562393
24653,2025-04-07,2.3622616180360856
24653,2025-04-10,6.841850414756798
24653,2025-04-11,1.4191574209341802
24653,2025-04-14,1.4191574209341802
24653,2025-04-15,1.0
24653,2025-04-18,4.666666666666668
24653,2025-04-19,9.0
24653,2025-04-22,9.0
24653,2025-04-23,4.4066985645933014
24653,2025-04-26,9.0
24653,2025-04-30,4.4066985645933014
24654,2025-04-02,27.0
24654,2025-04-03,31.640625
24654,2025-04-06,27.0
24654,2025-04-07,27.0
24654,2025-04-10,27.0
24654,2025-04-11,27.0
24654,2025-04-12,27.0
24654,2025-04-14,27.0
24654,2025-04-15,52.78846153846154
24654,2025-04-22,27.0
24654,2025-04-23,30.82591093117409
24654,2025-04-26,27.0
24654,2025-04-27,27.0
24654,2025-04-30,27.0
24656,2025-04-01,3.0
24656,2025-04-04,1.275358313262526
24656,2025-04-12,27.0
24656,2025-04-13,1.2598520443508003
24656,2025-04-16,1.542229781030765
24656,2025-04-17,3.0
24656,2025-04-20,1.3559837327752984
24656,2025-04-21,3.0
24656,2025-04-24,3.0
24656,2025-04-25,6.0
24656,2025-04-28,9.48421052631579
24656,2025-04-29,27.0
24657,2025-04-01,9.0
24657,2025-04-04,1.0
24657,2025-04-05,6.555555555555555
24657,2025-04-08,1.0
24657,2025-04-09,1.0
24657,2025-04-12,6.0
24657,2025-04-13,1.0
24657,2025-04-16,1.0
24657,2025-04-17,6.0
24657,2025-04-20,6.6000000000000005
24657,2025-04-21,1.0
24657,2025-04-24,6.0
24657,2025-04-25,19.0
24657,2025-04-28,27.0
24657,2025-04-29,27.0
24661,2025-04-02,3.0
24661,2025-04-03,1.836734693877551
24661,2025-04-06,1.956656346749226
24661,2025-04-07,2.564705882352941
24661,2025-04-10,4.2574722628025405
24661,2025-04-11,5.441978915781573
24661,2025-04-14,2.366762743317407
24661,2025-04-15,1.0
24661,2025-04-18,3.0
24661,2025-04-19,9.0
24661,2025-04-22,3.0
24661,2025-04-23,1.200956937799043
24661,2025-04-26,9.0
24661,2025-04-27,18.0
24661,2025-04-30,1.9569377990430619
24662,2025-04-02,1.4608695652173913
24662,2025-04-03,2.2448979591836733
24662,2025-04-06,1.4580311744602816
24662,2025-04-07,5.647293402297942
24662,2025-04-10,2.3622616180360856
24662,2025-04-11,9.342954159592527
24662,2025-04-14,5.20957871046709
24662,2025-04-15,3.314368065700635
24662,2025-04-18,3.5864661654135337
24662,2025-04-19,9.0
24662,2025-04-22,9.0
24662,2025-04-23,8.383838383838384
24663,2025-04-02,1.894736842105263
24663,2025-04-03,2.2246219449599236
24663,2025-04-06,1.7708978328173375
24663,2025-04-07,2.3409363745498197
24663,2025-04-10,8.161606191021438
24663,2025-04-11,7.905752753977967
24663,2025-04-14,3.314368065700635
24663,2025-04-15,2.682631184111817
24663,2025-04-18,18.0
24663,2025-04-19,9.0
24663,2025-04-22,2.7805727554179565
24663,2025-04-23,4.4066985645933014
24663,2025-04-26,27.0
24663,2025-04-27,27.0
24663,2025-04-30,7.646616541353383
24664,2025-04-02,2.1999999999999997
24664,2025-04-03,3.0612244897959187
24664,2025-04-06,3.4213685474189677
24664,2025-04-07,3.0
24664,2025-04-10,1.0
24664,2025-04-11,54.0
24664,2025-04-14,1.0
24664,2025-04-15,9.0
24664,2025-04-18,3.0
24664,2025-04-19,9.0
24664,2025-04-22,3.0
24664,2025-04-23,9.0
24664,2025-04-26,9.0
24664,2025-04-27,3.0
24664,2025-04-30,3.622103386809269
24666,2025-04-01,9.0
24666,2025-04-04,2.404666956212737
24666,2025-04-05,2.8235294117647056
24666,2025-04-08,27.0
24666,2025-04-09,9.0
24666,2025-04-12,3.654135338345865
24666,2025-04-13,9.0
24666,2025-04-16,1.1777872262884561
24666,2025-04-17,9.0
24666,2025-04-20,1.0
24666,2025-04-21,2.675355856628366
24666,2025-04-24,9.0
24666,2025-04-25,9.0
24666,2025-04-28,27.0
24666,2025-04-29,27.0
24667,2025-04-01,3.0
24667,2025-04-04,1.4191574209341802
24667,2025-04-05,9.0
24667,2025-04-08,27.0
24667,2025-04-09,1.0
24667,2025-04-12,27.0
24667,2025-04-13,1.0
24667,2025-04-16,2.0027029489476718
24667,2025-04-17,9.0
24667,2025-04-20,1.0
24667,2025-04-21,1.0
24667,2025-04-24,1.0
24667,2025-04-25,4.7071770334928225
24667,2025-04-28,2.617224880382775
24667,2025-04-29,27.0
24668,2025-04-01,9.0
24668,2025-04-12,9.0
24668,2025-04-13,1.6844869112014837
24668,2025-04-16,5.574239985422297
24668,2025-04-17,3.0
24668,2025-04-20,1.0
24668,2025-04-21,1.0
24668,2025-04-24,31.5
24668,2025-04-25,9.0
24668,2025-04-28,27.0
24668,2025-04-29,27.0
24669,2025-04-01,9.0
24669,2025-04-04,1.0
24669,2025-04-05,3.0
24669,2025-04-08,1.0
24669,2025-04-09,1.0
24669,2025-04-12,2.142857142857143
24669,2025-04-13,3.585112443524415
24669,2025-04-16,2.075591459896134
24669,2025-04-17,3.0
24669,2025-04-20,3.0
24669,2025-04-21,1.104789355233545
24669,2025-04-24,3.0
24669,2025-04-25,9.0
24669,2025-04-28,12.07177033492823
24669,2025-04-29,27.0
24674,2025-04-01,27.0
24674,2025-04-04,27.0
24674,2025-04-05,27.0
24674,2025-04-08,27.0
24674,2025-04-09,27.0
24674,2025-04-12,27.0
24674,2025-04-13,27.0
24674,2025-04-16,27.0
24674,2025-04-17,27.0
24674,2025-04-18,27.0
24674,2025-04-19,27.0
24674,2025-04-20,27.0
24674,2025-04-21,27.0
24674,2025-04-24,27.0
24674,2025-04-25,27.0
24674,2025-04-28,27.0
24675,2025-04-01,9.0
24675,2025-04-04,1.4191574209341802
24675,2025-04-05,9.0
24675,2025-04-08,27.0
24675,2025-04-09,1.0
24675,2025-04-12,27.0
24675,2025-04-13,1.0
24675,2025-04-16,2.4400340146384423
24675,2025-04-17,3.0
24675,2025-04-20,1.0
24675,2025-04-21,1.0
24675,2025-04-24,3.0
24675,2025-04-25,12.07177033492823
24675,2025-04-28,3.0
24675,2025-04-29,27.0
24679,2025-04-01,9.0
24679,2025-04-04,1.0
24679,2025-04-05,9.0
24679,2025-04-08,27.0
24679,2025-04-09,1.0
24679,2025-04-12,27.0
24679,2025-04-13,1.0
24679,2025-04-16,3.16891912412306
24679,2025-04-17,3.0
24679,2025-04-20,1.0
24679,2025-04-21,4.488721804511278
24679,2025-04-24,9.0
24679,2025-04-25,21.0
24679,2025-04-28,27.0
24679,2025-04-29,27.0
24680,2025-04-02,7.0
24680,2025-04-03,1.0
24680,2025-04-06,1.0
24680,2025-04-07,18.787420539345362
24680,2025-04-10,18.0
24680,2025-04-11,7.5
24680,2025-04-14,1.0
24680,2025-04-15,1.0
24680,2025-04-18,13.0
24680,2025-04-19,9.0
24680,2025-04-22,9.0
24680,2025-04-23,2.875598086124402
24680,2025-04-26,27.0
24680,2025-04-27,27.0
24680,2025-04-30,1.0
24681,2025-04-02,6.0
24681,2025-04-03,7.0
24681,2025-04-06,9.0
24681,2025-04-07,18.0
24681,2025-04-10,15.0
24681,2025-04-11,15.0
24681,2025-04-14,1.0
24681,2025-04-15,1.0
24681,2025-04-18,4.0
24681,2025-04-19,6.0
24681,2025-04-22,9.0
24681,2025-04-23,3.0728744939271255
24681,2025-04-26,3.0
24681,2025-04-27,15.0
24681,2025-04-30,3.0
24683,2025-04-02,9.0
24683,2025-04-03,1.0
24683,2025-04-06,1.0
24683,2025-04-07,1.0
24683,2025-04-10,1.0
24683,2025-04-11,1.0
24683,2025-04-14,1.0
24683,2025-04-15,1.0
24683,2025-04-18,3.0
24683,2025-04-19,9.0
24683,2025-04-22,18.0
24683,2025-04-23,3.0
24683,2025-04-26,6.0
24683,2025-04-27,16.5
24683,2025-04-30,3.0
24684,2025-04-10,1.0
24684,2025-04-11,1.0
24684,2025-04-22,18.0
24684,2025-04-23,3.0
24684,2025-04-26,27.0
24684,2025-04-27,27.0
24684,2025-04-30,3.0
24694,2025-04-01,9.0
24694,2025-04-04,5.20957871046709
24694,2025-04-05,9.0
24694,2025-04-08,27.0
24694,2025-04-09,1.0
24694,2025-04-12,6.0
24694,2025-04-13,1.4191574209341802
24694,2025-04-16,1.8939168463570932
24694,2025-04-17,9.0
24694,2025-04-20,6.0
24694,2025-04-21,3.7186796699174787
24694,2025-04-24,6.0
24694,2025-04-25,27.0
24694,2025-04-28,27.0
24694,2025-04-29,27.0
24695,2025-04-01,3.0
24695,2025-04-04,1.104789355233545
24695,2025-04-05,3.0
24695,2025-04-08,1.0
24695,2025-04-09,1.0
24695,2025-04-12,27.0
24695,2025-04-13,1.0
24695,2025-04-16,1.7111489051538245
24695,2025-04-17,9.0
24695,2025-04-20,1.0
24695,2025-04-21,27.0
24695,2025-04-24,9.0
24695,2025-04-25,27.0
24695,2025-04-28,27.0
24695,2025-04-29,27.0
24700,2025-04-02,6.0
24700,2025-04-03,1.3153683157631513
24700,2025-04-06,1.0
24700,2025-04-07,2.3622616180360856
24700,2025-04-10,1.0
24700,2025-04-11,1.0
24700,2025-04-14,1.4191574209341802
24700,2025-04-15,1.0
24700,2025-04-18,15.0
24700,2025-04-19,3.0
24700,2025-04-22,3.0
24700,2025-04-23,1.277511961722488
24700,2025-04-26,9.0
24700,2025-04-27,18.0
24700,2025-04-30,1.3444976076555024
24701,2025-04-02,9.0
24701,2025-04-03,1.0
24701,2025-04-06,1.0
24701,2025-04-07,18.787420539345362
24701,2025-04-10,1.0
24701,2025-04-11,1.0
24701,2025-04-14,3.314368065700635
24701,2025-04-15,1.0
24701,2025-04-18,18.0
24701,2025-04-19,9.0
24701,2025-04-22,15.0
24701,2025-04-23,2.1100478468899517
24701,2025-04-26,9.0
24701,2025-04-27,18.0
24701,2025-04-30,1.0
24703,2025-04-02,9.0
24703,2025-04-03,1.0
24703,2025-04-06,1.0
24703,2025-04-07,18.787420539345362
24703,2025-04-10,1.0
24703,2025-04-11,1.0
24703,2025-04-14,3.314368065700635
24703,2025-04-15,1.0
24703,2025-04-22,6.0
24703,2025-04-23,1.2162679425837322
24703,2025-04-26,27.0
24703,2025-04-27,27.0
24703,2025-04-30,2.875598086124402
24706,2025-04-02,9.0
24706,2025-04-03,1.4191574209341802
24706,2025-04-06,2.525
24706,2025-04-07,3.0
24706,2025-04-10,2.1149999999999998
24706,2025-04-11,3.0
24706,2025-04-14,2.9
24706,2025-04-15,9.0
24706,2025-04-18,3.0
24706,2025-04-19,3.0
24706,2025-04-22,3.0
24706,2025-04-23,9.0
24706,2025-04-26,9.0
24706,2025-04-27,3.0
24706,2025-04-30,3.0
24712,2025-04-01,9.0
24712,2025-04-04,4.577841828878272
24712,2025-04-05,9.0
24712,2025-04-08,27.0
24712,2025-04-09,1.0
24712,2025-04-12,27.0
24712,2025-04-13,1.412761085008094
24712,2025-04-16,2.7107627695898726
24712,2025-04-17,6.0
24712,2025-04-20,1.0
24712,2025-04-21,1.0
24712,2025-04-24,1.0
24712,2025-04-25,21.0
24712,2025-04-28,3.0
24712,2025-04-29,27.0
24714,2025-04-01,2.0
24714,2025-04-04,7.544117647058823
24714,2025-04-05,13.797794117647058
24714,2025-04-08,11.117647058823529
24714,2025-04-09,17.47058823529412
24714,2025-04-12,17.172794117647058
24714,2025-04-13,24.121323529411764
24714,2025-04-16,22.235294117647058
24714,2025-04-17,22.235294117647058
24714,2025-04-20,12.0
24714,2025-04-21,18.0
24714,2025-04-24,21.9375
24714,2025-04-25,27.0
24714,2025-04-28,27.0
24714,2025-04-29,27.0
24715,2025-04-01,1.64
24715,2025-04-04,2.9100564614837916
24715,2025-04-05,9.0
24715,2025-04-08,27.0
24715,2025-04-09,2.1158842342164466
24715,2025-04-12,27.0
24715,2025-04-13,4.646430404593629
24715,2025-04-16,1.542229781030765
24715,2025-04-17,9.0
24715,2025-04-20,3.0
24715,2025-04-21,3.5417933430726096
24715,2025-04-24,6.0
24715,2025-04-25,4.377777777777778
24715,2025-04-28,6.24976076555024
24715,2025-04-29,54.0
24727,2025-04-04,27.0
24727,2025-04-05,27.0
24727,2025-04-08,27.0
24727,2025-04-09,1.0
24727,2025-04-12,27.0
24727,2025-04-13,1.4191574209341802
24727,2025-04-16,3.6791387007622918
24727,2025-04-17,9.0
24727,2025-04-20,1.0
24727,2025-04-21,1.0
24727,2025-04-24,9.0
24727,2025-04-25,18.0
24727,2025-04-28,4.607655502392343
24727,2025-04-29,27.0
24728,2025-04-08,1.7647058823529411
24728,2025-04-09,2.484520123839009
24728,2025-04-12,2.2368421052631575
24728,2025-04-13,2.4749999999999996
24728,2025-04-17,2.5882352941176467
24728,2025-04-20,2.0769230769230766
24728,2025-04-21,2.5148844963086447
24728,2025-04-24,3.0
24728,2025-04-25,2.307692307692308
24728,2025-04-28,2.787092164801143
24728,2025-04-29,2.8361111111111112
24729,2025-04-04,27.0
24729,2025-04-05,27.0
24729,2025-04-08,1.0
24729,2025-04-09,1.992695542306627
24729,2025-04-12,27.0
24729,2025-04-13,1.0
24729,2025-04-16,4.920561646470474
24729,2025-04-17,6.0
24729,2025-04-20,3.0
24729,2025-04-21,4.263157894736842
24729,2025-04-24,3.0
24729,2025-04-25,9.0
24729,2025-04-28,1.6717703349282291
24729,2025-04-29,54.0
24730,2025-04-12,6.0
24730,2025-04-13,9.0
24730,2025-04-16,1.6309715431105172
24730,2025-04-17,3.0
24730,2025-04-24,3.0
24730,2025-04-25,27.0
24730,2025-04-28,27.0
24730,2025-04-29,27.0
24731,2025-04-12,9.0
24731,2025-04-13,1.0
24731,2025-04-16,1.0
24731,2025-04-17,9.0
24731,2025-04-20,1.0
24731,2025-04-21,2.682631184111817
24731,2025-04-24,9.0
24731,2025-04-25,18.0
24731,2025-04-28,1.0
24731,2025-04-29,27.0
24733,2025-04-14,0.988558352402746
24733,2025-04-15,1.82
24733,2025-04-18,18.0
24733,2025-04-19,3.0
24733,2025-04-22,2.6470588235294117
24733,2025-04-23,2.2631578947368425
24733,2025-04-26,27.0
24733,2025-04-27,27.0
24733,2025-04-30,2.5398254995778218
24734,2025-04-14,1.0
24734,2025-04-15,1.0
24734,2025-04-18,18.0
24734,2025-04-19,9.0
24734,2025-04-22,3.0
24734,2025-04-23,1.1913875598086126
24734,2025-04-26,27.0
24734,2025-04-27,27.0
24734,2025-04-30,1.1913875598086126
24735,2025-04-14,3.314368065700635
24735,2025-04-15,1.0
24735,2025-04-18,1.0
24735,2025-04-19,9.0
24735,2025-04-22,9.0
24735,2025-04-23,3.3349282296650715
24735,2025-04-26,9.0
24735,2025-04-27,18.0
24735,2025-04-30,2.875598086124402
24737,2025-04-14,1.208237986270023
24737,2025-04-15,2.09
24737,2025-04-18,18.0
24737,2025-04-19,9.0
24737,2025-04-22,2.5588235294117645
24737,2025-04-23,3.6411483253588512
24737,2025-04-26,9.0
24737,2025-04-27,3.0
24737,2025-04-30,3.639781271360219
24742,2025-04-18,18.0
24742,2025-04-19,9.0
24742,2025-04-22,9.0
24742,2025-04-23,2.875598086124402
24742,2025-04-26,27.0
24742,2025-04-27,27.0
24742,2025-04-30,1.3444976076555024
24744,2025-04-20,1.0
24744,2025-04-21,1.0
24744,2025-04-24,9.0
24744,2025-04-25,18.0
24744,2025-04-28,27.0
24744,2025-04-29,27.0
24750,2025-04-21,0.8402100525131283
24750,2025-04-25,9.0
24750,2025-04-28,4.324675324675326
24750,2025-04-29,27.0
24751,2025-04-21,1.9245469262052346
24751,2025-04-24,9.0
24751,2025-04-25,8.787559808612443
24751,2025-04-28,16.172932330827066
24751,2025-04-29,27.0
24755,2025-04-28,12.07177033492823
24755,2025-04-29,27.0
24756,2025-04-28,14.55980861244019
24756,2025-04-29,27.0
9020001,2025-04-01,27.0
9020001,2025-04-02,3.0
9020001,2025-04-06,3.0
9020001,2025-04-07,3.0
9020001,2025-04-08,3.303921568627451
9020001,2025-04-09,4.069444444444445
9020001,2025-04-10,3.0
9020001,2025-04-11,27.0
9020001,2025-04-12,4.388888888888889
9020001,2025-04-13,3.8421052631578947
9020001,2025-04-14,27.0
9020001,2025-04-15,27.0
9020001,2025-04-16,27.0
9020001,2025-04-17,27.0
9020001,2025-04-18,27.0
9020002,2025-04-01,3.0
9020002,2025-04-02,3.0
9020002,2025-04-03,3.0
9020002,2025-04-04,3.0
9020002,2025-04-05,3.0
9020002,2025-04-07,3.0
9020002,2025-04-12,4.315789473684211
9020002,2025-04-16,5.2631578947368425
9020002,2025-04-20,3.0
9020002,2025-04-23,3.0
9020002,2025-04-24,3.0
9020002,2025-04-27,3.0
9020004,2025-04-01,3.0
9020004,2025-04-02,3.0
9020004,2025-04-03,3.0
9020004,2025-04-04,3.0
9020004,2025-04-07,3.0
9020004,2025-04-19,3.0190861769809136
9020004,2025-04-23,3.0
9020004,2025-04-27,3.0
9020004,2025-04-28,3.0
9020004,2025-04-30,3.0
9020014,2025-04-01,9.0
9020014,2025-04-05,9.0
9020014,2025-04-07,2.3622616180360856
9020014,2025-04-08,1.0
9020014,2025-04-10,1.0
9020014,2025-04-11,1.0
9020014,2025-04-12,18.0
9020014,2025-04-14,9.0
9020014,2025-04-15,1.0
9020014,2025-04-16,1.0
9020014,2025-04-17,9.0
9020014,2025-04-18,1.0
9020014,2025-04-21,1.0
9020014,2025-04-22,9.0
9020014,2025-04-23,7.4688995215311005
9020014,2025-04-26,27.0
9020014,2025-04-27,27.0
9020023,2025-04-03,6.330143540669855
9020023,2025-04-04,8.626794258373206
9020023,2025-04-05,10.157894736842106
9020023,2025-04-26,2.307692307692308
9020024,2025-04-01,3.0
9020024,2025-04-02,3.0
9020024,2025-04-03,3.0
9020024,2025-04-04,3.0
9020024,2025-04-05,3.0
9020024,2025-04-07,3.0
9020024,2025-04-11,3.0
9020024,2025-04-15,4.973684210526316
9020024,2025-04-20,3.0
9020024,2025-04-23,3.0
9020024,2025-04-24,3.0
9020024,2025-04-27,3.0
9020024,2025-04-28,3.0
9020024,2025-04-29,3.0
9020037,2025-04-19,18.0
9020037,2025-04-20,27.0
9020037,2025-04-22,27.0
9020037,2025-04-23,27.0
9020037,2025-04-24,18.0
9020037,2025-04-25,1.0
9020037,2025-04-29,27.0
9020078,2025-04-06,1.0
9020078,2025-04-07,8.932325186559796
9020078,2025-04-20,1.0
9020078,2025-04-30,3.028708133971291
9020079,2025-04-14,3.1578947368421053
9020079,2025-04-17,3.0
9020079,2025-04-21,2.8375
9020079,2025-04-22,1.912598237675637
9020090,2025-04-02,3.0
9020090,2025-04-03,3.0
9020090,2025-04-06,3.0
9020090,2025-04-07,3.0
9020090,2025-04-13,3.0
9020090,2025-04-17,3.0
9020090,2025-04-18,3.0
9020090,2025-04-21,3.0
9020090,2025-04-25,3.0
9020090,2025-04-26,3.0
9020090,2025-04-29,3.0
9020104,2025-04-04,3.0
9020104,2025-04-05,3.0
9020104,2025-04-10,3.0
9020109,2025-04-01,3.0
9020109,2025-04-06,3.0
9020109,2025-04-07,3.0
9020109,2025-04-09,4.578947368421053
9020109,2025-04-14,4.75
9020109,2025-04-18,3.0
9020109,2025-04-21,3.0
9020109,2025-04-22,4.3367468444867825
9020109,2025-04-25,3.0
9020109,2025-04-30,3.0
9020114,2025-04-01,9.0
9020114,2025-04-02,15.0
9020114,2025-04-03,1.5410036719706222
9020114,2025-04-04,1.4191574209341802
9020114,2025-04-05,9.0
9020114,2025-04-08,1.0
9020114,2025-04-09,5.441978915781573
9020114,2025-04-11,1.0
9020114,2025-04-13,9.0
9020114,2025-04-14,3.6681407193903732
9020114,2025-04-15,1.0
9020114,2025-04-16,1.0
9020114,2025-04-17,9.0
9020114,2025-04-19,9.0
9020114,2025-04-21,9.0
9020114,2025-04-23,4.406698564593301
9020114,2025-04-24,9.0
9020114,2025-04-28,27.0
9020115,2025-04-01,3.0
9020115,2025-04-03,3.0
9020115,2025-04-04,3.0
9020115,2025-04-05,3.0
9020115,2025-04-06,3.0
9020115,2025-04-08,3.678018575851393
9020115,2025-04-16,3.0
9020115,2025-04-20,3.0
9020115,2025-04-24,3.0
9020115,2025-04-25,3.0
9020115,2025-04-28,3.0
9020115,2025-04-29,3.2551020408163267
9020118,2025-04-22,3.3150750178613957
9020118,2025-04-26,3.0
9020126,2025-04-01,3.0
9020126,2025-04-02,3.0
9020126,2025-04-04,2.1818181818181817
9020126,2025-04-05,3.0
9020126,2025-04-06,3.0
9020126,2025-04-07,3.0
9020126,2025-04-11,3.0
9020126,2025-04-15,4.631578947368421
9020169,2025-04-01,9.0
9020169,2025-04-02,9.0
9020169,2025-04-06,1.0
9020169,2025-04-07,2.3622616180360856
9020169,2025-04-10,1.0
9020169,2025-04-11,1.0
9020169,2025-04-12,18.0
9020169,2025-04-13,1.0
9020169,2025-04-16,1.0
9020169,2025-04-18,1.0
9020169,2025-04-19,9.0
9020169,2025-04-20,18.0
9020169,2025-04-22,9.0
9020169,2025-04-23,4.4066985645933014
9020169,2025-04-26,27.0
9020169,2025-04-27,27.0
9020169,2025-04-28,27.0
9020169,2025-04-30,5.095693779904305
9020170,2025-04-03,2.1818181818181817
9020170,2025-04-06,2.5
9020170,2025-04-19,3.0
9020170,2025-04-30,2.727272727272727
9020175,2025-04-04,3.1248470012239897
9020177,2025-04-01,9.0
9020177,2025-04-02,9.0
9020177,2025-04-04,4.527302878351167
9020177,2025-04-07,12.586923046551112
9020177,2025-04-08,1.0
9020177,2025-04-09,3.3477711533146417
9020177,2025-04-12,27.0
9020177,2025-04-13,2.502134932229298
9020177,2025-04-14,3.314368065700635
9020177,2025-04-15,2.002299157785397
9020177,2025-04-17,9.0
9020177,2025-04-18,5.027638488569512
9020177,2025-04-20,1.3559837327752984
9020177,2025-04-22,9.0
9020177,2025-04-24,9.0
9020177,2025-04-25,9.0
9020177,2025-04-27,27.0
9020177,2025-04-28,27.0
9020177,2025-04-29,27.0
9020180,2025-04-02,9.0
9020180,2025-04-05,9.0
9020180,2025-04-06,1.0
9020180,2025-04-09,7.04343191060923
9020180,2025-04-10,1.0
9020180,2025-04-21,1.0
9020180,2025-04-25,2.9655502392344433
9020180,2025-04-26,27.0
9020180,2025-04-29,27.0
9020180,2025-04-30,2.7990430622009566
9999999,2025-04-21,9.0
9999999,2025-04-24,9.0
